Region,Code,Country,2020,2021,2022,2023,2024,2025,2026,2027,2028,2029,2030,2031,2032,2033,2034,2035,2036,2037,2038,2039,2040,2041,2042,2043,2044,2045,2046,2047,2048,2049,2050,Source (Actual) ,Source (Forecast),Notes
Europe,AT,Austria,0.11118,0.11847,0.12707,0.0956778796445726,0.0865309427643494,0.08185578119805,0.0771806196317506,0.0725054580654512,0.0678302964991519,0.0631551349328525,0.0584799733665531,0.0579828840130403,0.0574857946595275,0.0569887053060146,0.0564916159525018,0.055994526598989,0.0523289376758144,0.0486633487526398,0.0449977598294653,0.0413321709062907,0.0376665819831161,0.0372660466581923,0.0368655113332686,0.0364649760083448,0.036064440683421,0.0356639053584973,0.0350032421724438,0.0343425789863904,0.0336819158003369,0.0330212526142835,0.03236058942823,"2020-2024: Association of Issuing Bodies (AIB). (2021, 2022, 2023, 2024, 2025). Production Mix. Online:https://www.aib-net.org/facts/european-residual-mix","FF55 scenario (2021) & EU Reference Scenario (2020). Sources:  FF55 scenario (2021). EC (2021): Summary report: Energy, transport and GHG emissions in the FF55 scenario. Online: https://energy.ec.europa.eu/excel-files-mix-cp-scenario_en, EC (2020): Energy Modelling. EU Reference Scenario 2020. Online: https://energy.ec.europa.eu/data-and-analysis/energy-modelling/eu-reference-scenario-2020_en",2030 value calculated using FF55 change rates; 2024–2030 values linearly interpolated. The projected development from 2031-2050 is based on the YoY changes from the Reference Scenario.
Europe,BE,Belgium,0.16189,0.12264,0.12177,0.112109459732757,0.104820907739056,0.106234949843599,0.107648991948141,0.109063034052684,0.110477076157227,0.111891118261769,0.113305160366312,0.112363513970053,0.111421867573795,0.110480221177537,0.109538574781278,0.10859692838502,0.106778220296816,0.104959512208613,0.103140804120409,0.101322096032206,0.0995033879440023,0.0991353059976438,0.0987672240512854,0.0983991421049269,0.0980310601585684,0.0976629782122099,0.0971481948474896,0.0966334114827693,0.096118628118049,0.0956038447533287,0.0950890613886084,"2020-2024: Association of Issuing Bodies (AIB). (2021, 2022, 2023, 2024, 2025). Production Mix. Online:https://www.aib-net.org/facts/european-residual-mix","FF55 scenario (2021) & EU Reference Scenario (2020). Sources:  FF55 scenario (2021). EC (2021): Summary report: Energy, transport and GHG emissions in the FF55 scenario. Online: https://energy.ec.europa.eu/excel-files-mix-cp-scenario_en, EC (2020): Energy Modelling. EU Reference Scenario 2020. Online: https://energy.ec.europa.eu/data-and-analysis/energy-modelling/eu-reference-scenario-2020_en",2030 value calculated using FF55 change rates; 2024–2030 values linearly interpolated. The projected development from 2031-2050 is based on the YoY changes from the Reference Scenario.
Europe,BG,Bulgaria,0.37212,0.40412,0.48135,0.332118544757487,0.310739079387642,0.303532576979804,0.296326074571965,0.289119572164127,0.281913069756288,0.27470656734845,0.267500064940611,0.251490612421005,0.235481159901399,0.219471707381792,0.203462254862186,0.18745280234258,0.165849575307386,0.144246348272192,0.122643121236999,0.101039894201805,0.0794366671666115,0.0759889823358888,0.0725412975051662,0.0690936126744435,0.0656459278437208,0.0621982430129982,0.0599849336974588,0.0577716243819193,0.0555583150663799,0.0533450057508405,0.051131696435301,"2020-2024: Association of Issuing Bodies (AIB). (2021, 2022, 2023, 2024, 2025). Production Mix. Online:https://www.aib-net.org/facts/european-residual-mix","FF55 scenario (2021) & EU Reference Scenario (2020). Sources:  FF55 scenario (2021). EC (2021): Summary report: Energy, transport and GHG emissions in the FF55 scenario. Online: https://energy.ec.europa.eu/excel-files-mix-cp-scenario_en, EC (2020): Energy Modelling. EU Reference Scenario 2020. Online: https://energy.ec.europa.eu/data-and-analysis/energy-modelling/eu-reference-scenario-2020_en",2030 value calculated using FF55 change rates; 2024–2030 values linearly interpolated. The projected development from 2031-2050 is based on the YoY changes from the Reference Scenario.
Europe,HR,Croatia,0.22696,0.20052,0.22141,0.176713433948912,0.224382487553427,0.193531185973094,0.16267988439276,0.131828582812426,0.100977281232092,0.070125979651758,0.0392746780714241,0.0382781861603031,0.0372816942491821,0.0362852023380612,0.0352887104269402,0.0342922185158192,0.0337315393721456,0.0331708602284719,0.0326101810847983,0.0320495019411247,0.031488822797451,0.0309732380012517,0.0304576532050523,0.0299420684088529,0.0294264836126535,0.0289108988164542,0.0279960517360391,0.027081204655624,0.0261663575752089,0.0252515104947938,0.0243366634143787,"2020-2024: Association of Issuing Bodies (AIB). (2021, 2022, 2023, 2024, 2025). Production Mix. Online:https://www.aib-net.org/facts/european-residual-mix","FF55 scenario (2021) & EU Reference Scenario (2020). Sources:  FF55 scenario (2021). EC (2021): Summary report: Energy, transport and GHG emissions in the FF55 scenario. Online: https://energy.ec.europa.eu/excel-files-mix-cp-scenario_en, EC (2020): Energy Modelling. EU Reference Scenario 2020. Online: https://energy.ec.europa.eu/data-and-analysis/energy-modelling/eu-reference-scenario-2020_en",2030 value calculated using FF55 change rates; 2024–2030 values linearly interpolated. The projected development from 2031-2050 is based on the YoY changes from the Reference Scenario.
Europe,CY,Cyprus,0.6429,0.62296,0.60894,0.572718799003378,0.586546102787787,0.540938758442649,0.495331414097511,0.449724069752373,0.404116725407235,0.358509381062097,0.312902036716959,0.30879297930403,0.304683921891102,0.300574864478173,0.296465807065244,0.292356749652316,0.279413827318087,0.266470904983859,0.253527982649631,0.240585060315402,0.227642137981174,0.221067480437596,0.214492822894017,0.207918165350439,0.201343507806861,0.194768850263283,0.189532111419597,0.184295372575911,0.179058633732226,0.17382189488854,0.168585156044855,"2020-2024: Association of Issuing Bodies (AIB). (2021, 2022, 2023, 2024, 2025). Production Mix. Online:https://www.aib-net.org/facts/european-residual-mix","FF55 scenario (2021) & EU Reference Scenario (2020). Sources:  FF55 scenario (2021). EC (2021): Summary report: Energy, transport and GHG emissions in the FF55 scenario. Online: https://energy.ec.europa.eu/excel-files-mix-cp-scenario_en, EC (2020): Energy Modelling. EU Reference Scenario 2020. Online: https://energy.ec.europa.eu/data-and-analysis/energy-modelling/eu-reference-scenario-2020_en",2030 value calculated using FF55 change rates; 2024–2030 values linearly interpolated. The projected development from 2031-2050 is based on the YoY changes from the Reference Scenario.
Europe,CZ,Czech Republic,0.49549,0.50671,0.64225,0.577921422616586,0.529126087656568,0.495850085694877,0.462574083733187,0.429298081771496,0.396022079809806,0.362746077848115,0.329470075886425,0.32296358188183,0.316457087877236,0.309950593872641,0.303444099868047,0.296937605863452,0.27155160843468,0.246165611005907,0.220779613577135,0.195393616148362,0.170007618719589,0.162737693027369,0.155467767335149,0.148197841642929,0.140927915950709,0.133657990258489,0.133657990258489,0.133657990258489,0.133657990258489,0.133657990258489,0.133657990258489,"2020-2024: Association of Issuing Bodies (AIB). (2021, 2022, 2023, 2024, 2025). Production Mix. Online:https://www.aib-net.org/facts/european-residual-mix","FF55 scenario (2021) & EU Reference Scenario (2020). Sources:  FF55 scenario (2021). EC (2021): Summary report: Energy, transport and GHG emissions in the FF55 scenario. Online: https://energy.ec.europa.eu/excel-files-mix-cp-scenario_en, EC (2020): Energy Modelling. EU Reference Scenario 2020. Online: https://energy.ec.europa.eu/data-and-analysis/energy-modelling/eu-reference-scenario-2020_en",2030 value calculated using FF55 change rates; 2024–2030 values linearly interpolated. The projected development from 2031-2050 is based on the YoY changes from the Reference Scenario.
Europe,DK,Denmark,0.14252,0.18134,0.16283,0.0738781916560662,0.0511778644105286,0.0497172050388089,0.0482565456670892,0.0467958862953695,0.0453352269236498,0.04387456755193,0.0424139081802103,0.0424139081802103,0.0424139081802103,0.0424139081802103,0.0424139081802103,0.0424139081802103,0.0408600711275136,0.0393062340748169,0.0377523970221203,0.0361985599694235,0.0346447229167269,0.0338252329331853,0.0330057429496437,0.0321862529661021,0.0313667629825606,0.030547272999019,0.0290825701571667,0.0276178673153145,0.0261531644734623,0.02468846163161,0.0232237587897578,"2020-2024: Association of Issuing Bodies (AIB). (2021, 2022, 2023, 2024, 2025). Production Mix. Online:https://www.aib-net.org/facts/european-residual-mix","FF55 scenario (2021) & EU Reference Scenario (2020). Sources:  FF55 scenario (2021). EC (2021): Summary report: Energy, transport and GHG emissions in the FF55 scenario. Online: https://energy.ec.europa.eu/excel-files-mix-cp-scenario_en, EC (2020): Energy Modelling. EU Reference Scenario 2020. Online: https://energy.ec.europa.eu/data-and-analysis/energy-modelling/eu-reference-scenario-2020_en",2030 value calculated using FF55 change rates; 2024–2030 values linearly interpolated. The projected development from 2031-2050 is based on the YoY changes from the Reference Scenario.
Europe,EE,Estonia,0.59869,0.61613,0.66099,0.464959052785951,0.364282610033742,0.342214714838419,0.320146819643095,0.298078924447771,0.276011029252447,0.253943134057123,0.231875238861799,0.227759376337468,0.223643513813137,0.219527651288806,0.215411788764475,0.211295926240144,0.187452561150374,0.163609196060603,0.139765830970833,0.115922465881063,0.0920791007912928,0.0792930885086134,0.066507076225934,0.0537210639432546,0.0409350516605752,0.0281490393778958,0.0274286874872616,0.0267083355966273,0.0259879837059931,0.0252676318153589,0.0245472799247246,"2020-2024: Association of Issuing Bodies (AIB). (2021, 2022, 2023, 2024, 2025). Production Mix. Online:https://www.aib-net.org/facts/european-residual-mix","FF55 scenario (2021) & EU Reference Scenario (2020). Sources:  FF55 scenario (2021). EC (2021): Summary report: Energy, transport and GHG emissions in the FF55 scenario. Online: https://energy.ec.europa.eu/excel-files-mix-cp-scenario_en, EC (2020): Energy Modelling. EU Reference Scenario 2020. Online: https://energy.ec.europa.eu/data-and-analysis/energy-modelling/eu-reference-scenario-2020_en",2030 value calculated using FF55 change rates; 2024–2030 values linearly interpolated. The projected development from 2031-2050 is based on the YoY changes from the Reference Scenario.
Europe,FI,Finland,0.09532,0.09584,0.08285,0.0451695138076028,0.0332048888328345,0.0317283524012239,0.0302518159696133,0.0287752795380027,0.0272987431063922,0.0258222066747816,0.024345670243171,0.0240872394851458,0.0238288087271206,0.0235703779690953,0.0233119472110701,0.0230535164530449,0.0222958435533461,0.0215381706536473,0.0207804977539485,0.0200228248542498,0.019265151954551,0.0188113170824552,0.0183574822103594,0.0179036473382636,0.0174498124661678,0.016995977594072,0.0169577694723801,0.0169195613506882,0.0168813532289963,0.0168431451073043,0.0168049369856124,"2020-2024: Association of Issuing Bodies (AIB). (2021, 2022, 2023, 2024, 2025). Production Mix. Online:https://www.aib-net.org/facts/european-residual-mix","FF55 scenario (2021) & EU Reference Scenario (2020). Sources:  FF55 scenario (2021). EC (2021): Summary report: Energy, transport and GHG emissions in the FF55 scenario. Online: https://energy.ec.europa.eu/excel-files-mix-cp-scenario_en, EC (2020): Energy Modelling. EU Reference Scenario 2020. Online: https://energy.ec.europa.eu/data-and-analysis/energy-modelling/eu-reference-scenario-2020_en",2030 value calculated using FF55 change rates; 2024–2030 values linearly interpolated. The projected development from 2031-2050 is based on the YoY changes from the Reference Scenario.
Europe,FR,France,0.05128,0.04098,0.05357,0.0308020966190581,0.0180683300694572,0.0198334255017944,0.0215985209341316,0.0233636163664688,0.025128711798806,0.0268938072311432,0.0286589026634804,0.0281959582330992,0.0277330138027179,0.0272700693723367,0.0268071249419554,0.0263441805115742,0.0263441805115742,0.0263441805115742,0.0263441805115742,0.0263441805115742,0.0263441805115742,0.025618295665475,0.0248924108193758,0.0241665259732766,0.0234406411271774,0.0227147562810782,0.0227147562810782,0.0227147562810782,0.0227147562810782,0.0227147562810782,0.0227147562810782,"2020-2024: Association of Issuing Bodies (AIB). (2021, 2022, 2023, 2024, 2025). Production Mix. Online:https://www.aib-net.org/facts/european-residual-mix","FF55 scenario (2021) & EU Reference Scenario (2020). Sources:  FF55 scenario (2021). EC (2021): Summary report: Energy, transport and GHG emissions in the FF55 scenario. Online: https://energy.ec.europa.eu/excel-files-mix-cp-scenario_en, EC (2020): Energy Modelling. EU Reference Scenario 2020. Online: https://energy.ec.europa.eu/data-and-analysis/energy-modelling/eu-reference-scenario-2020_en",2030 value calculated using FF55 change rates; 2024–2030 values linearly interpolated. The projected development from 2031-2050 is based on the YoY changes from the Reference Scenario.
Europe,DE,Germany,0.33866,0.37764,0.38763,0.335092994414762,0.311581840961884,0.297273996429968,0.282966151898053,0.268658307366137,0.254350462834221,0.240042618302305,0.22573477377039,0.206885328968929,0.188035884167468,0.169186439366008,0.150336994564547,0.131487549763086,0.121568056739991,0.111648563716896,0.101729070693801,0.0918095776707057,0.0818900846476106,0.0784870441407335,0.0750840036338564,0.0716809631269794,0.0682779226201023,0.0648748821132252,0.0647109718943454,0.0645470616754656,0.0643831514565857,0.0642192412377059,0.0640553310188261,"2020-2024: Association of Issuing Bodies (AIB). (2021, 2022, 2023, 2024, 2025). Production Mix. Online:https://www.aib-net.org/facts/european-residual-mix","FF55 scenario (2021) & EU Reference Scenario (2020). Sources:  FF55 scenario (2021). EC (2021): Summary report: Energy, transport and GHG emissions in the FF55 scenario. Online: https://energy.ec.europa.eu/excel-files-mix-cp-scenario_en, EC (2020): Energy Modelling. EU Reference Scenario 2020. Online: https://energy.ec.europa.eu/data-and-analysis/energy-modelling/eu-reference-scenario-2020_en",2030 value calculated using FF55 change rates; 2024–2030 values linearly interpolated. The projected development from 2031-2050 is based on the YoY changes from the Reference Scenario.
Europe,EL,Greece,0.41001,0.33664,0.35183,0.259731242186972,0.231969717119719,0.217234082992097,0.202498448864474,0.187762814736852,0.173027180609229,0.158291546481607,0.143555912353985,0.143555912353985,0.143555912353985,0.143555912353985,0.143555912353985,0.143555912353985,0.138857513649676,0.134159114945368,0.12946071624106,0.124762317536751,0.120063918832443,0.111720529960326,0.10337714108821,0.0950337522160933,0.0866903633439767,0.0783469744718601,0.0783469744718601,0.0783469744718601,0.0783469744718601,0.0783469744718601,0.0783469744718601,"2020-2024: Association of Issuing Bodies (AIB). (2021, 2022, 2023, 2024, 2025). Production Mix. Online:https://www.aib-net.org/facts/european-residual-mix","FF55 scenario (2021) & EU Reference Scenario (2020). Sources:  FF55 scenario (2021). EC (2021): Summary report: Energy, transport and GHG emissions in the FF55 scenario. Online: https://energy.ec.europa.eu/excel-files-mix-cp-scenario_en, EC (2020): Energy Modelling. EU Reference Scenario 2020. Online: https://energy.ec.europa.eu/data-and-analysis/energy-modelling/eu-reference-scenario-2020_en",2030 value calculated using FF55 change rates; 2024–2030 values linearly interpolated. The projected development from 2031-2050 is based on the YoY changes from the Reference Scenario.
Europe,HU,Hungary,0.24375,0.22397,0.23504,0.19555742312095,0.177204400579189,0.158617353064967,0.140030305550746,0.121443258036524,0.102856210522303,0.0842691630080812,0.0656821154938596,0.0656821154938596,0.0656821154938596,0.0656821154938596,0.0656821154938596,0.0656821154938596,0.0635500245510295,0.0614179336081994,0.0592858426653693,0.0571537517225393,0.0550216607797092,0.0531546356479238,0.0512876105161385,0.0494205853843531,0.0475535602525678,0.0456865351207824,0.0456865351207824,0.0456865351207824,0.0456865351207824,0.0456865351207824,0.0456865351207824,"2020-2024: Association of Issuing Bodies (AIB). (2021, 2022, 2023, 2024, 2025). Production Mix. Online:https://www.aib-net.org/facts/european-residual-mix","FF55 scenario (2021) & EU Reference Scenario (2020). Sources:  FF55 scenario (2021). EC (2021): Summary report: Energy, transport and GHG emissions in the FF55 scenario. Online: https://energy.ec.europa.eu/excel-files-mix-cp-scenario_en, EC (2020): Energy Modelling. EU Reference Scenario 2020. Online: https://energy.ec.europa.eu/data-and-analysis/energy-modelling/eu-reference-scenario-2020_en",2030 value calculated using FF55 change rates; 2024–2030 values linearly interpolated. The projected development from 2031-2050 is based on the YoY changes from the Reference Scenario.
Europe,IE,Ireland,0.33599,0.3771,0.30891,0.267853119285688,0.245572688430016,0.223218384452711,0.200864080475407,0.178509776498102,0.156155472520798,0.133801168543493,0.111446864566189,0.109492491555351,0.107538118544514,0.105583745533676,0.103629372522839,0.101674999512002,0.101270693090189,0.100866386668376,0.100462080246564,0.100057773824751,0.0996534674029381,0.0993472401294761,0.099041012856014,0.098734785582552,0.0984285583090899,0.0981223310356279,0.0962439249691667,0.0943655189027055,0.0924871128362443,0.0906087067697831,0.0887303007033219,"2020-2024: Association of Issuing Bodies (AIB). (2021, 2022, 2023, 2024, 2025). Production Mix. Online:https://www.aib-net.org/facts/european-residual-mix","FF55 scenario (2021) & EU Reference Scenario (2020). Sources:  FF55 scenario (2021). EC (2021): Summary report: Energy, transport and GHG emissions in the FF55 scenario. Online: https://energy.ec.europa.eu/excel-files-mix-cp-scenario_en, EC (2020): Energy Modelling. EU Reference Scenario 2020. Online: https://energy.ec.europa.eu/data-and-analysis/energy-modelling/eu-reference-scenario-2020_en",2030 value calculated using FF55 change rates; 2024–2030 values linearly interpolated. The projected development from 2031-2050 is based on the YoY changes from the Reference Scenario.
Europe,IT,Italy,0.32384,0.30685,0.31438,0.273627858190027,0.235242403833202,0.217387739911609,0.199533075990017,0.181678412068425,0.163823748146832,0.14596908422524,0.128114420303647,0.120138598123408,0.112162775943169,0.10418695376293,0.0962111315826913,0.0882353094024523,0.0862627978077951,0.0842902862131379,0.0823177746184807,0.0803452630238235,0.0783727514291663,0.0750152156147935,0.0716576798004207,0.0683001439860479,0.0649426081716751,0.0615850723573023,0.0615850723573023,0.0615850723573023,0.0615850723573023,0.0615850723573023,0.0615850723573023,"2020-2024: Association of Issuing Bodies (AIB). (2021, 2022, 2023, 2024, 2025). Production Mix. Online:https://www.aib-net.org/facts/european-residual-mix","FF55 scenario (2021) & EU Reference Scenario (2020). Sources:  FF55 scenario (2021). EC (2021): Summary report: Energy, transport and GHG emissions in the FF55 scenario. Online: https://energy.ec.europa.eu/excel-files-mix-cp-scenario_en, EC (2020): Energy Modelling. EU Reference Scenario 2020. Online: https://energy.ec.europa.eu/data-and-analysis/energy-modelling/eu-reference-scenario-2020_en",2030 value calculated using FF55 change rates; 2024–2030 values linearly interpolated. The projected development from 2031-2050 is based on the YoY changes from the Reference Scenario.
Europe,LV,Latvia,0.21567,0.21965,0.12989,0.12022751930259,0.145653505750598,0.136124309612134,0.126595113473669,0.117065917335205,0.10753672119674,0.098007525058276,0.0884783289198116,0.0841434154050227,0.0798085018902339,0.0754735883754451,0.0711386748606562,0.0668037613458674,0.0641957146288618,0.0615876679118562,0.0589796211948506,0.056371574477845,0.0537635277608394,0.0484370370530096,0.0431105463451798,0.0377840556373499,0.0324575649295201,0.0271310742216903,0.0264567325352778,0.0257823908488654,0.025108049162453,0.0244337074760405,0.0237593657896281,"2020-2024: Association of Issuing Bodies (AIB). (2021, 2022, 2023, 2024, 2025). Production Mix. Online:https://www.aib-net.org/facts/european-residual-mix","FF55 scenario (2021) & EU Reference Scenario (2020). Sources:  FF55 scenario (2021). EC (2021): Summary report: Energy, transport and GHG emissions in the FF55 scenario. Online: https://energy.ec.europa.eu/excel-files-mix-cp-scenario_en, EC (2020): Energy Modelling. EU Reference Scenario 2020. Online: https://energy.ec.europa.eu/data-and-analysis/energy-modelling/eu-reference-scenario-2020_en",2030 value calculated using FF55 change rates; 2024–2030 values linearly interpolated. The projected development from 2031-2050 is based on the YoY changes from the Reference Scenario.
Europe,LT,Lithuania,0.25356,0.21852,0.23781,0.151164138180919,0.118755274691843,0.116149614146585,0.113543953601327,0.110938293056069,0.108332632510811,0.105726971965553,0.103121311420295,0.0961150287459429,0.0891087460715906,0.0821024633972384,0.0750961807228861,0.0680898980485339,0.0680898980485339,0.0680898980485339,0.0680898980485339,0.0680898980485339,0.0680898980485339,0.0643074924630224,0.060525086877511,0.0567426812919996,0.0529602757064882,0.0491778701209768,0.0475844143910607,0.0459909586611445,0.0443975029312284,0.0428040472013123,0.0412105914713961,"2020-2024: Association of Issuing Bodies (AIB). (2021, 2022, 2023, 2024, 2025). Production Mix. Online:https://www.aib-net.org/facts/european-residual-mix","FF55 scenario (2021) & EU Reference Scenario (2020). Sources:  FF55 scenario (2021). EC (2021): Summary report: Energy, transport and GHG emissions in the FF55 scenario. Online: https://energy.ec.europa.eu/excel-files-mix-cp-scenario_en, EC (2020): Energy Modelling. EU Reference Scenario 2020. Online: https://energy.ec.europa.eu/data-and-analysis/energy-modelling/eu-reference-scenario-2020_en",2030 value calculated using FF55 change rates; 2024–2030 values linearly interpolated. The projected development from 2031-2050 is based on the YoY changes from the Reference Scenario.
Europe,LU,Luxembourg,0.10136,0.09883,0.07442,0.0584441725715554,0.0461817506070392,0.0402267302432563,0.0342717098794733,0.0283166895156904,0.0223616691519074,0.0164066487881245,0.0104516284243416,0.0096076836686887,0.0087637389130359,0.0079197941573831,0.0070758494017303,0.0062319046460775,0.0062319046460775,0.0062319046460775,0.0062319046460775,0.0062319046460775,0.0062319046460775,0.0052543145493882,0.0042767244526989,0.0032991343560096,0.0023215442593203,0.001343954162631,0.001343954162631,0.001343954162631,0.001343954162631,0.001343954162631,0.001343954162631,"2020-2024: Association of Issuing Bodies (AIB). (2021, 2022, 2023, 2024, 2025). Production Mix. Online:https://www.aib-net.org/facts/european-residual-mix","FF55 scenario (2021) & EU Reference Scenario (2020). Sources:  FF55 scenario (2021). EC (2021): Summary report: Energy, transport and GHG emissions in the FF55 scenario. Online: https://energy.ec.europa.eu/excel-files-mix-cp-scenario_en, EC (2020): Energy Modelling. EU Reference Scenario 2020. Online: https://energy.ec.europa.eu/data-and-analysis/energy-modelling/eu-reference-scenario-2020_en",2030 value calculated using FF55 change rates; 2024–2030 values linearly interpolated. The projected development from 2031-2050 is based on the YoY changes from the Reference Scenario.
Europe,MT,Malta,0.39062,0.66069,0.3711,0.365339203314072,0.345333598889939,0.340963909829881,0.336594220769824,0.332224531709767,0.327854842649709,0.323485153589652,0.319115464529595,0.319115464529595,0.319115464529595,0.319115464529595,0.319115464529595,0.319115464529595,0.319115464529595,0.319115464529595,0.319115464529595,0.319115464529595,0.319115464529595,0.315708497528456,0.312301530527317,0.308894563526177,0.305487596525038,0.302080629523899,0.299763687213712,0.297446744903524,0.295129802593337,0.292812860283149,0.290495917972962,"2020-2024: Association of Issuing Bodies (AIB). (2021, 2022, 2023, 2024, 2025). Production Mix. Online:https://www.aib-net.org/facts/european-residual-mix","FF55 scenario (2021) & EU Reference Scenario (2020). Sources:  FF55 scenario (2021). EC (2021): Summary report: Energy, transport and GHG emissions in the FF55 scenario. Online: https://energy.ec.europa.eu/excel-files-mix-cp-scenario_en, EC (2020): Energy Modelling. EU Reference Scenario 2020. Online: https://energy.ec.europa.eu/data-and-analysis/energy-modelling/eu-reference-scenario-2020_en",2030 value calculated using FF55 change rates; 2024–2030 values linearly interpolated. The projected development from 2031-2050 is based on the YoY changes from the Reference Scenario.
Europe,NL,Netherlands,0.37434,0.3704,0.29634,0.241572133780983,0.228583596851646,0.20958525391547,0.190586910979293,0.171588568043117,0.15259022510694,0.133591882170764,0.114593539234587,0.113317158549138,0.112040777863688,0.110764397178238,0.109488016492788,0.108211635807338,0.104884235160506,0.101556834513674,0.0982294338668422,0.0949020332200104,0.0915746325731786,0.0879374934413751,0.0843003543095715,0.0806632151777679,0.0770260760459644,0.0733889369141608,0.0727629867813138,0.0721370366484667,0.0715110865156196,0.0708851363827726,0.0702591862499255,"2020-2024: Association of Issuing Bodies (AIB). (2021, 2022, 2023, 2024, 2025). Production Mix. Online:https://www.aib-net.org/facts/european-residual-mix","FF55 scenario (2021) & EU Reference Scenario (2020). Sources:  FF55 scenario (2021). EC (2021): Summary report: Energy, transport and GHG emissions in the FF55 scenario. Online: https://energy.ec.europa.eu/excel-files-mix-cp-scenario_en, EC (2020): Energy Modelling. EU Reference Scenario 2020. Online: https://energy.ec.europa.eu/data-and-analysis/energy-modelling/eu-reference-scenario-2020_en",2030 value calculated using FF55 change rates; 2024–2030 values linearly interpolated. The projected development from 2031-2050 is based on the YoY changes from the Reference Scenario.
Europe,PL,Poland,0.75962,0.77659,0.75746,0.66861592858711,0.63402514011554,0.590642532377339,0.547259924639139,0.503877316900938,0.460494709162737,0.417112101424536,0.373729493686336,0.355892813984575,0.338056134282814,0.320219454581053,0.302382774879293,0.284546095177532,0.256693126992879,0.228840158808226,0.200987190623573,0.17313422243892,0.145281254254266,0.134048209474369,0.122815164694471,0.111582119914574,0.100349075134676,0.0891160303547787,0.0887102361064963,0.0883044418582139,0.0878986476099314,0.087492853361649,0.0870870591133666,"2020-2024: Association of Issuing Bodies (AIB). (2021, 2022, 2023, 2024, 2025). Production Mix. Online:https://www.aib-net.org/facts/european-residual-mix","FF55 scenario (2021) & EU Reference Scenario (2020). Sources:  FF55 scenario (2021). EC (2021): Summary report: Energy, transport and GHG emissions in the FF55 scenario. Online: https://energy.ec.europa.eu/excel-files-mix-cp-scenario_en, EC (2020): Energy Modelling. EU Reference Scenario 2020. Online: https://energy.ec.europa.eu/data-and-analysis/energy-modelling/eu-reference-scenario-2020_en",2030 value calculated using FF55 change rates; 2024–2030 values linearly interpolated. The projected development from 2031-2050 is based on the YoY changes from the Reference Scenario.
Europe,PT,Portugal,0.20155,0.16418,0.1372,0.0921754179651899,0.0432966985501993,0.0395714215899405,0.0358461446296817,0.0321208676694229,0.0283955907091641,0.0246703137489053,0.0209450367886465,0.0199443384161704,0.0189436400436944,0.0179429416712184,0.0169422432987423,0.0159415449262663,0.0146619257656331,0.013382306605,0.0121026874443668,0.0108230682837336,0.0095434491231004,0.0088613906928891,0.0081793322626779,0.0074972738324666,0.0068152154022553,0.0061331569720441,0.0058502508891753,0.0055673448063064,0.0052844387234376,0.0050015326405688,0.0047186265577,"2020-2024: Association of Issuing Bodies (AIB). (2021, 2022, 2023, 2024, 2025). Production Mix. Online:https://www.aib-net.org/facts/european-residual-mix","FF55 scenario (2021) & EU Reference Scenario (2020). Sources:  FF55 scenario (2021). EC (2021): Summary report: Energy, transport and GHG emissions in the FF55 scenario. Online: https://energy.ec.europa.eu/excel-files-mix-cp-scenario_en, EC (2020): Energy Modelling. EU Reference Scenario 2020. Online: https://energy.ec.europa.eu/data-and-analysis/energy-modelling/eu-reference-scenario-2020_en",2030 value calculated using FF55 change rates; 2024–2030 values linearly interpolated. The projected development from 2031-2050 is based on the YoY changes from the Reference Scenario.
Europe,RO,Romania,0.26184,0.27746,0.27077,0.21243090454042,0.216472260377599,0.195593653133988,0.174715045890378,0.153836438646767,0.132957831403156,0.112079224159545,0.0912006169159342,0.087844193121546,0.0844877693271578,0.0811313455327697,0.0777749217383815,0.0744184979439933,0.069946766403208,0.0654750348624227,0.0610033033216374,0.056531571780852,0.0520598402400667,0.0510198887108684,0.04997993718167,0.0489399856524716,0.0479000341232732,0.0468600825940749,0.0445705939387278,0.0422811052833807,0.0399916166280337,0.0377021279726866,0.0354126393173395,"2020-2024: Association of Issuing Bodies (AIB). (2021, 2022, 2023, 2024, 2025). Production Mix. Online:https://www.aib-net.org/facts/european-residual-mix","FF55 scenario (2021) & EU Reference Scenario (2020). Sources:  FF55 scenario (2021). EC (2021): Summary report: Energy, transport and GHG emissions in the FF55 scenario. Online: https://energy.ec.europa.eu/excel-files-mix-cp-scenario_en, EC (2020): Energy Modelling. EU Reference Scenario 2020. Online: https://energy.ec.europa.eu/data-and-analysis/energy-modelling/eu-reference-scenario-2020_en",2030 value calculated using FF55 change rates; 2024–2030 values linearly interpolated. The projected development from 2031-2050 is based on the YoY changes from the Reference Scenario.
Europe,SK,Slovakia,0.15548,0.16549,0.15693,0.123039544427089,0.0991319322131242,0.0921676904081282,0.0852034486031322,0.0782392067981362,0.0712749649931402,0.0643107231881443,0.0573464813831483,0.0573464813831483,0.0573464813831483,0.0573464813831483,0.0573464813831483,0.0573464813831483,0.0557065800124208,0.0540666786416933,0.0524267772709658,0.0507868759002383,0.0491469745295108,0.0451536540945245,0.0411603336595383,0.0371670132245521,0.0331736927895658,0.0291803723545796,0.0291603299070798,0.02914028745958,0.0291202450120802,0.0291002025645804,0.0290801601170806,"2020-2024: Association of Issuing Bodies (AIB). (2021, 2022, 2023, 2024, 2025). Production Mix. Online:https://www.aib-net.org/facts/european-residual-mix","FF55 scenario (2021) & EU Reference Scenario (2020). Sources:  FF55 scenario (2021). EC (2021): Summary report: Energy, transport and GHG emissions in the FF55 scenario. Online: https://energy.ec.europa.eu/excel-files-mix-cp-scenario_en, EC (2020): Energy Modelling. EU Reference Scenario 2020. Online: https://energy.ec.europa.eu/data-and-analysis/energy-modelling/eu-reference-scenario-2020_en",2030 value calculated using FF55 change rates; 2024–2030 values linearly interpolated. The projected development from 2031-2050 is based on the YoY changes from the Reference Scenario.
Europe,SI,Slovenia,0.22405,0.21685,0.24571,0.207780258444372,0.21221694552906,0.208719388512266,0.205221831495473,0.201724274478679,0.198226717461886,0.194729160445092,0.191231603428299,0.183871089272181,0.176510575116063,0.169150060959945,0.161789546803827,0.154429032647709,0.150758421379012,0.147087810110315,0.143417198841618,0.139746587572921,0.136075976304225,0.136075976304225,0.136075976304225,0.136075976304225,0.136075976304225,0.136075976304225,0.135910490754106,0.135745005203988,0.13557951965387,0.135414034103751,0.135248548553633,"2020-2024: Association of Issuing Bodies (AIB). (2021, 2022, 2023, 2024, 2025). Production Mix. Online:https://www.aib-net.org/facts/european-residual-mix","FF55 scenario (2021) & EU Reference Scenario (2020). Sources:  FF55 scenario (2021). EC (2021): Summary report: Energy, transport and GHG emissions in the FF55 scenario. Online: https://energy.ec.europa.eu/excel-files-mix-cp-scenario_en, EC (2020): Energy Modelling. EU Reference Scenario 2020. Online: https://energy.ec.europa.eu/data-and-analysis/energy-modelling/eu-reference-scenario-2020_en",2030 value calculated using FF55 change rates; 2024–2030 values linearly interpolated. The projected development from 2031-2050 is based on the YoY changes from the Reference Scenario.
Europe,ES,Spain,0.17103,0.1533,0.16372,0.121838294237704,0.100661286199735,0.0913792404943125,0.0820971947888898,0.0728151490834672,0.0635331033780445,0.0542510576726219,0.0449690119671992,0.0449690119671992,0.0449690119671992,0.0449690119671992,0.0449690119671992,0.0449690119671992,0.0410938221791251,0.037218632391051,0.0333434426029769,0.0294682528149028,0.0255930630268287,0.0248627729335872,0.0241324828403458,0.0234021927471043,0.0226719026538629,0.0219416125606215,0.0219416125606215,0.0219416125606215,0.0219416125606215,0.0219416125606215,0.0219416125606215,"2020-2024: Association of Issuing Bodies (AIB). (2021, 2022, 2023, 2024, 2025). Production Mix. Online:https://www.aib-net.org/facts/european-residual-mix","FF55 scenario (2021) & EU Reference Scenario (2020). Sources:  FF55 scenario (2021). EC (2021): Summary report: Energy, transport and GHG emissions in the FF55 scenario. Online: https://energy.ec.europa.eu/excel-files-mix-cp-scenario_en, EC (2020): Energy Modelling. EU Reference Scenario 2020. Online: https://energy.ec.europa.eu/data-and-analysis/energy-modelling/eu-reference-scenario-2020_en",2030 value calculated using FF55 change rates; 2024–2030 values linearly interpolated. The projected development from 2031-2050 is based on the YoY changes from the Reference Scenario.
Europe,SE,Sweden,0.00567,0.00767,0.00662,0.0065222444602261,0.0050471808325943,0.004859964682092,0.0046727485315896,0.0044855323810873,0.0042983162305849,0.0041111000800826,0.0039238839295802,0.0038129640864088,0.0037020442432374,0.0035911244000659,0.0034802045568945,0.0033692847137231,0.0033021099102568,0.0032349351067906,0.0031677603033243,0.0031005854998581,0.0030334106963918,0.0030191506554231,0.0030048906144545,0.0029906305734858,0.0029763705325171,0.0029621104915484,0.0029409072010592,0.0029197039105699,0.0028985006200806,0.0028772973295913,0.002856094039102,"2020-2024: Association of Issuing Bodies (AIB). (2021, 2022, 2023, 2024, 2025). Production Mix. Online:https://www.aib-net.org/facts/european-residual-mix","FF55 scenario (2021) & EU Reference Scenario (2020). Sources:  FF55 scenario (2021). EC (2021): Summary report: Energy, transport and GHG emissions in the FF55 scenario. Online: https://energy.ec.europa.eu/excel-files-mix-cp-scenario_en, EC (2020): Energy Modelling. EU Reference Scenario 2020. Online: https://energy.ec.europa.eu/data-and-analysis/energy-modelling/eu-reference-scenario-2020_en",2030 value calculated using FF55 change rates; 2024–2030 values linearly interpolated. The projected development from 2031-2050 is based on the YoY changes from the Reference Scenario.
Europe,CH,Switzerland,0.01415,0.0140572828483756,0.0139651732211473,0.0015077019967056,0.0057803064585179,0.0070093729158779,0.008238439373238,0.0094675058305981,0.0106965722879582,0.0119256387453182,0.0131547052026783,0.0129729052123121,0.0127600209485266,0.0125160524113057,0.0122409996006734,0.0119348625166138,0.0115976411591268,0.0112293355282286,0.010829945623911,0.0103994714461498,0.0099379129949855,0.0094452702703776,0.0089215432723747,0.0083667320009443,0.0077808364560704,0.0071638566377934,0.0065157925460969,0.0058366441809651,0.005126411542422,0.0043850946304595,0.0036126934450535,"Intep (2022): Treibhausgas-Emissionsfaktoren für den Gebäudesektor. Bestimmung von Emissionsfaktoren nach den Bilanzierungsregeln der KBOB und des GHG Protocols. & Intep (2022): Das Forschungs- und Beratungsunternehmen für Umwelt, Wirtschaft und Gesellschaft, THG-Emissionsfaktoren_Energieträger.",,
Europe,NO,Norway,0.01,0.0096666666666666,0.0093333333333333,0.0,0.006737143576628,0.0067253974249677,0.0067136512733075,0.0067019051216473,0.0066901589699871,0.0066784128183268,0.0066666666666666,0.0063333333333333,0.006,0.0056666666666666,0.0053333333333333,0.005,0.0046666666666666,0.0043333333333333,0.004,0.0036666666666666,0.0033333333333333,0.003,0.0026666666666666,0.0023333333333333,0.002,0.0016666666666666,0.0013333333333333,0.001,0.0006666666666666,0.0003333333333333,1.0408340855860801e-17,"2020-2024: Association of Issuing Bodies (AIB). (2021, 2022, 2023, 2024, 2025). Production Mix. Online:https://www.aib-net.org/facts/european-residual-mix","FF55 scenario (2021) & EU Reference Scenario (2020). Sources:  FF55 scenario (2021). EC (2021): Summary report: Energy, transport and GHG emissions in the FF55 scenario. Online: https://energy.ec.europa.eu/excel-files-mix-cp-scenario_en, EC (2020): Energy Modelling. EU Reference Scenario 2020. Online: https://energy.ec.europa.eu/data-and-analysis/energy-modelling/eu-reference-scenario-2020_en",2030 value calculated using FF55 change rates; 2024–2030 values linearly interpolated. The projected development from 2031-2050 is based on the YoY changes from the Reference Scenario.
Europe,UK,United Kingdom,0.23314,0.21233,0.19338,0.193390050552723,0.14850134860521,0.132344718535082,0.116188088464955,0.100031458394828,0.0838748283247007,0.0677181982545734,0.0515615681844461,0.0408331919806889,0.0352929567670941,0.0306494609194643,0.0278240295729068,0.0248216743772256,0.0205330913752096,0.0182634133241768,0.0178399122432574,0.0168914745296254,0.0153063745604032,0.0127064093188859,0.0120585754214942,0.0118123802577118,0.0111024429592807,0.0094285490555447,0.0085603307175814,0.0078929845517568,0.007491262528418,0.0069709267311264,0.006851248623714,"HM Treasury Green Book, UK GHG Inventory, BEIS (2018). CCC Hydrogen in a Low Carbon Economy. GOV UK (2020): Government conversion factors for company reporting of greenhouse gas emissions. Online: https://www.gov.uk/government/publications/valuation-of-energy-use-and-greenhouse-gas-emissions-for-appraisal",GOV UK (2020): Government conversion factors for company reporting of greenhouse gas emissions. Online: https://www.gov.uk/government/publications/valuation-of-energy-use-and-greenhouse-gas-emissions-for-appraisal, 
APAC,Japan,Japan,0.47,0.4615,0.423,0.423,0.416727272727273,0.410454545454545,0.404181818181818,0.397909090909091,0.391636363636364,0.385363636363636,0.379090909090909,0.37,0.360909090909091,0.351818181818182,0.342727272727273,0.333636363636363,0.324545454545454,0.315454545454545,0.306363636363636,0.297272727272727,0.288181818181818,0.279090909090909,0.269999999999999,0.26090909090909,0.251818181818181,0.242727272727272,0.233636363636363,0.224545454545454,0.215454545454544,0.206363636363635,0.197272727272726,"Ministry of the Environment, Japan. (2024, November 8). Electricity emission factors by electric utility (for calculating greenhouse gas emissions of specified emitters). https://policies.env.go.jp/earth/ghg-santeikohyo/files/calc/r06_denki_coefficient_rev10.pdf","EF 2030 & grid decarbonization: Agency for Natural Resources and Energy: The 6th Strategic Energy Plan. https://www.enecho.meti.go.jp/en/category/others/basic_plan/pdf/6th_outline.pdf https://www.fepc.or.jp/environment/warming/keikaku/index.html., The Federation of Electric Power Companies of Japan: https://www.fepc.or.jp/environment/warming/keikaku/index.html Japan 2050 Low Carbon Navigator: http://www.2050-low-carbon-navi.jp/pathways/11321212222222111111111111112112113221121321231/three_e_s",
APAC,Hong Kong,Hong Kong,0.65,0.65,0.534,0.476,0.545353862776877,0.466128218980731,0.386902575184585,0.307676931388439,0.228451287592292,0.149225643796146,0.07,0.0664999999999999,0.0629999999999999,0.0594999999999999,0.056,0.0524999999999999,0.0489999999999999,0.0455,0.042,0.0385,0.0349999999999999,0.0315,0.0279999999999999,0.0245,0.0209999999999999,0.0175,0.0139999999999999,0.0104999999999999,0.0069999999999999,0.0034999999999999,0.0,Carbon footprint (2022): Country Specific Electricity Grid Greenhouse Gas Emission Factors. Online: www.carbonfootprint.com.,"Government of HK (2022): Hong Kong's Climate Action Plan 2050, Online: https://www.climateready.gov.hk/files/pdf/CAP2050_booklet_en.pdf. ",
APAC,China,China,0.5374,0.5572,0.5703,0.549875228707944,0.529450457415889,0.509025686123833,0.488600914831778,0.468176143539722,0.447751372247667,0.427326600955611,0.406901829663555,0.397728680677444,0.389090871021769,0.380944282788379,0.373244262175819,0.365945620284126,0.359002631127833,0.352369035212565,0.345998035163645,0.339842299700087,0.333853961051501,0.32798461634899,0.322185326432953,0.316406616647881,0.310598477041063,0.304710362561277,0.2986911908731,0.292489345337402,0.286052673620445,0.279328486899089,0.272263561649085,Carbon footprint (2022): Country Specific Electricity Grid Greenhouse Gas Emission Factors. Online: www.carbonfootprint.com,"Climate Cooperation China. (2023, February 7). MEE released notice on the management of GHG emissions reporting for power generation sector from 2023 to 2025. https://climatecooperation.cn/climate/mee-released-notice-on-the-management-of-ghg-emissions-reporting-for-power-generation-sector-from-2023-to-2025/",
APAC,Singapore,Singapore,0.407,0.409,0.417,0.412,0.405854505661905,0.399709011323809,0.393563516985714,0.387418022647619,0.381272528309524,0.375127033971428,0.368981539633333,0.365291724237,0.36163880699463,0.358022418924684,0.354442194735437,0.350897772788082,0.347388795060201,0.343914907109599,0.340475758038503,0.337071000458118,0.333700290453537,0.330363287549002,0.327059654673512,0.323789058126777,0.320551167545509,0.317345655870054,0.314172199311353,0.31103047731824,0.307920172545057,0.304840970819607,0.29,Carbon footprint (2022): Country Specific Electricity Grid Greenhouse Gas Emission Factors. Online: www.carbonfootprint.com,"EMA (2022): Singapore's power sector targets net-zero emissions by 2050. Online: https://www.straitstimes.com/singapore/environment/importing-more-clean-energy-among-ways-to-help-singapores-power-sector-reach-net-zero-emissions-by-2050-report., 2020-2023: EMA | SES Chapter 2: Energy Transformation",
APAC,South Korea,South Korea,0.416,0.4113,0.403782470587618,0.427,0.416,0.404730569276631,0.393461138553262,0.382191707829892,0.370922277106523,0.359652846383154,0.348383415659785,0.342015843148215,0.33576465384511,0.329627720558169,0.323602954974817,0.317688306951582,0.316452034403915,0.315233027141735,0.314058108471854,0.312945931537126,0.311906812165703,0.310573074589097,0.309337261065307,0.308183838269249,0.307088380117984,0.306017599009206,0.304929404230403,0.303772953950102,0.302488444885442,0.301006617216173,0.299247689663588,Carbon footprint (2022): Country Specific Electricity Grid Greenhouse Gas Emission Factors. Online: www.carbonfootprint.com.,Ember. (2025). Electricity Data Explorer. https://ember-energy.org/data/electricity-data-explorer/,
APAC,Australia,Australia,0.76,0.68,0.663304207704686,0.647018341115796,0.63,0.599075116034726,0.568150232069452,0.537225348104178,0.506300464138904,0.47537558017363,0.444450696208356,0.421235137321466,0.399232226269373,0.378378621274331,0.358614289170289,0.339882332579968,0.32212882611921,0.30530266115708,0.289355398684814,0.27424112987004,0.259916343894858,0.2463398026973,0.233472422255572,0.221277160073334,0.209718908542105,0.198764393873798,0.188382080312452,0.178542079349379,0.16921606368041,0.160377185657507,0.152,"National Greenhouse Accounts Factors – 2021.       Australian Government Dept of Environment & Energy Emissions Factors, Table 5 and Table 46 for regional factors (August 2021 report) National Greenhouse Accounts Factors – August 2021, online: www.industry.gov.au, https://www.dcceew.gov.au/climate-change/publications/national-greenhouse-accounts-factors.","Ministry for the Environment. (2025, June 11). Measuring emissions guide 2025. https://environment.govt.nz/publications/measuring-emissions-guide-2025/",
APAC,India,India,0.708,0.704,0.701009970158339,0.713,0.709,0.69718705025812,0.68537410051624,0.67356115077436,0.66174820103248,0.6499352512906,0.638122301548719,0.629909534007311,0.621383029967546,0.612519737333059,0.603313948959112,0.593777317553759,0.583938758820295,0.573844570666552,0.563558381050825,0.553161066025496,0.542750921100378,0.532443519681692,0.522371765226126,0.512685883790255,0.503553446382284,0.495159346610308,0.487705763429403,0.481412302702665,0.476515751332045,0.473270352929831,0.471947599202394,Carbon footprint (2022): Country Specific Electricity Grid Greenhouse Gas Emission Factors. Online: www.carbonfootprint.com.,Ember. (2025). Electricity Data Explorer. https://ember-energy.org/data/electricity-data-explorer/,
APAC,Malaysia,Malaysia,0.821,0.757,0.774,0.774,0.774,0.737495881641904,0.700991763283809,0.664487644925713,0.627983526567618,0.591479408209522,0.554975289851427,0.551495786756277,0.548293273895979,0.545400720089674,0.542838744819164,0.540615621954203,0.538727279752493,0.537157297134399,0.53587694093585,0.534845113754272,0.534008346498013,0.533300895243883,0.532644588500261,0.531948994845152,0.531111299991608,0.530016336590052,0.528536606580019,0.526532266288996,0.523851159960032,0.520328741520643,0.51578813046217,Carbon footprint (2022): Country Specific Electricity Grid Greenhouse Gas Emission Factors. Online: www.carbonfootprint.com.,"Suruhanjaya Tenaga (Energy Commission Malaysia). (2024, November 25). Grid emission factor (GEF) in Malaysia. https://myenergystats.st.gov.my/documents/d/guest/grid-emission-factor-gef-in-malaysia",
APAC,Philippines,Philippines,0.599,0.6,0.603,0.613,0.613,0.56253384195467,0.51206768390934,0.46160152586401,0.41113536781868,0.36066920977335,0.31020305172802,0.30710102121074,0.304030010998632,0.300989710888646,0.29797981377976,0.295000015641962,0.292050015485542,0.289129515330687,0.28623822017738,0.283375837975606,0.28054207959585,0.277736658799892,0.274959292211893,0.272209699289774,0.269487602296876,0.266792726273907,0.264124799011168,0.261483551021057,0.258868715510846,0.256280028355738,0.25371722807218,IGES Institute for Global Environmental Strategies (2019): IGES List of Grid Emission Factors.,Ember. (2023). Electricity Data Explorer. https://ember-energy.org/data/electricity-data-explorer/,
APAC,New Zealand,New Zealand,0.1216915353,0.123323991,0.0818949105,0.0766302343,0.1011189484,0.1011189484,0.1011189484,0.1011189484,0.1011189484,0.1011189484,0.1011189484,0.1011189484,0.1011189484,0.1011189484,0.1011189484,0.1011189484,0.1011189484,0.1011189484,0.1011189484,0.1011189484,0.1011189484,0.1011189484,0.1011189484,0.1011189484,0.1011189484,0.1011189484,0.1011189484,0.1011189484,0.1011189484,0.1011189484,0.1011189484,New Zealand Gov Ministry for the Environment.     Online:  https://www.mfe.govt.nz/node/18670/. 2018 factors (published Dec 2020) – https://environment.govt.nz/assets/Publications/Files/Measuring-Emissions-Factors-Summary-2020-final.pdf,"Ministry for the Environment. (2025, June 11). Measuring emissions guide 2025. https://environment.govt.nz/publications/measuring-emissions-guide-2025/",
Australia (Subregions),New South Wales and Australian Capital Territory,New South Wales and Australian Capital Territory,0.81,0.79,0.73,0.68,0.66,0.62760250251257,0.59520500502514,0.56280750753771,0.53041001005028,0.49801251256285,0.465615015075421,0.441293953384393,0.418243284663153,0.396396650858823,0.37569116008316,0.356067205559967,0.337468294029649,0.319840883116941,0.303134227193614,0.287300231292422,0.272293312651756,0.25807026949241,0.244590156648694,0.231814167695874,0.219705523234586,0.208229365010646,0.197352655565426,0.187044083127921,0.177273971474716,0.168014194498341,0.159238095238096,"National Greenhouse Accounts Factors – 2021.       Australian Government Dept of Environment & Energy Emissions Factors, Table 5 and Table 46 for regional factors (August 2021 report) National Greenhouse Accounts Factors – August 2021, online: www.industry.gov.au, https://www.dcceew.gov.au/climate-change/publications/national-greenhouse-accounts-factors.","AEMO (2020): 2022 Integrated System Plan (ISP), https://aemo.com.au/en/energy-systems/major-publications/integrated-system-plan-isp/2022-integrated-system-plan-isp.",
Australia (Subregions),Victoria,Victoria,0.98,0.96,0.85,0.79,0.77,0.732202919597998,0.694405839195997,0.656608758793995,0.618811678391994,0.581014597989992,0.543217517587991,0.514842945615126,0.487950498773678,0.462462759335293,0.438306353430354,0.415411739819961,0.393713009701257,0.373147696969765,0.35365659839255,0.335183603174493,0.317675531427049,0.301081981074478,0.28535518275681,0.270449862311853,0.25632311044035,0.242934259179087,0.23024476482633,0.218218096982575,0.206819633387168,0.196016560248064,0.185777777777778,"National Greenhouse Accounts Factors – 2021.       Australian Government Dept of Environment & Energy Emissions Factors, Table 5 and Table 46 for regional factors (August 2021 report) National Greenhouse Accounts Factors – August 2021, online: www.industry.gov.au, https://www.dcceew.gov.au/climate-change/publications/national-greenhouse-accounts-factors.","AEMO (2020): 2022 Integrated System Plan (ISP), https://aemo.com.au/en/energy-systems/major-publications/integrated-system-plan-isp/2022-integrated-system-plan-isp.",
Australia (Subregions),Queensland,Queensland,0.81,0.8,0.73,0.73,0.71,0.67514814664231,0.64029629328462,0.605444439926931,0.570592586569241,0.535740733211551,0.500888879853861,0.474725313489272,0.449928381986119,0.426426700166309,0.404152611604612,0.383041993859964,0.363034073880379,0.344071253050043,0.326098941374949,0.309065400329727,0.292921593913253,0.277621047484259,0.263119713970565,0.249375847066774,0.236349881055388,0.224004316905392,0.212303614320382,0.201214089425491,0.190703817798558,0.180742542566397,0.171301587301588,"National Greenhouse Accounts Factors – 2021.       Australian Government Dept of Environment & Energy Emissions Factors, Table 5 and Table 46 for regional factors (August 2021 report) National Greenhouse Accounts Factors – August 2021, online: www.industry.gov.au, https://www.dcceew.gov.au/climate-change/publications/national-greenhouse-accounts-factors.","AEMO (2020): 2022 Integrated System Plan (ISP), https://aemo.com.au/en/energy-systems/major-publications/integrated-system-plan-isp/2022-integrated-system-plan-isp.",
Australia (Subregions),South Australia,South Australia,0.43,0.35,0.25,0.25,0.23,0.218709962996805,0.207419925993609,0.196129888990414,0.184839851987219,0.173549814984024,0.162259777980828,0.15378425648244,0.145751447685644,0.138138226814438,0.130922676998677,0.124084026179988,0.117602587313362,0.111459701692268,0.105637685234138,0.100119777571602,0.0948900938028848,0.0899335787625064,0.0852359636806056,0.0807837251061379,0.0765640459756891,0.0725647787158312,0.0687744102727998,0.065182028968821,0.0617772930896737,0.0585504011130581,0.0554920634920636,"National Greenhouse Accounts Factors – 2021.       Australian Government Dept of Environment & Energy Emissions Factors, Table 5 and Table 46 for regional factors (August 2021 report) National Greenhouse Accounts Factors – August 2021, online: www.industry.gov.au, https://www.dcceew.gov.au/climate-change/publications/national-greenhouse-accounts-factors.","AEMO (2020): 2022 Integrated System Plan (ISP), https://aemo.com.au/en/energy-systems/major-publications/integrated-system-plan-isp/2022-integrated-system-plan-isp.",
Australia (Subregions),Western Australia - South West Interconnected System (NWIS,Western Australia - South West Interconnected System (NWIS),0.68,0.68,0.51,0.53,0.51,0.48496557012335,0.459931140246699,0.434896710370049,0.409862280493398,0.384827850616748,0.359793420740098,0.340999873069759,0.323187992694254,0.306306502936363,0.290306805518806,0.275142840659974,0.260770954477456,0.247149773317637,0.234240084649611,0.222004724180508,0.210408468867266,0.199417935516862,0.189001484683082,0.179129129583175,0.16977244977218,0.160904509326408,0.152499779300556,0.144534064235212,0.136984432503189,0.129829150294172,0.123047619047619,"National Greenhouse Accounts Factors – 2021.       Australian Government Dept of Environment & Energy Emissions Factors, Table 5 and Table 46 for regional factors (August 2021 report) National Greenhouse Accounts Factors – August 2021, online: www.industry.gov.au, https://www.dcceew.gov.au/climate-change/publications/national-greenhouse-accounts-factors.","AEMO (2020): 2022 Integrated System Plan (ISP), https://aemo.com.au/en/energy-systems/major-publications/integrated-system-plan-isp/2022-integrated-system-plan-isp.",
Australia (Subregions),Western Australia - North Western Interconnected System (NWIS),Western Australia - North Western Interconnected System (NWIS),0.58,0.58,0.58,0.62,0.61,0.58005685838283,0.55011371676566,0.52017057514849,0.49022743353132,0.460284291914149,0.43034115029698,0.407862593279515,0.386558187340186,0.366366601551336,0.347229708561709,0.329092417259969,0.311902514178918,0.29561051318384,0.28016951301228,0.265535062255118,0.25166503139026,0.23851949150056,0.226060599326824,0.214252488324974,0.203061165413784,0.1924544131159,0.182401696810469,0.172874076830351,0.163844125150874,0.155285846430284,0.147174603174603,"National Greenhouse Accounts Factors – 2021.       Australian Government Dept of Environment & Energy Emissions Factors, Table 5 and Table 46 for regional factors (August 2021 report) National Greenhouse Accounts Factors – August 2021, online: www.industry.gov.au, https://www.dcceew.gov.au/climate-change/publications/national-greenhouse-accounts-factors.","AEMO (2020): 2022 Integrated System Plan (ISP), https://aemo.com.au/en/energy-systems/major-publications/integrated-system-plan-isp/2022-integrated-system-plan-isp.",
Australia (Subregions),Tasmani,Tasmani,0.17,0.16,0.17,0.12,0.15,0.14263693238922,0.135273864778441,0.127910797167661,0.120547729556882,0.113184661946102,0.105821594335323,0.100294080314635,0.0950552919688983,0.0900901479224596,0.0853843545643546,0.0809243648999925,0.0766973395521928,0.0726911097993049,0.0688941425440033,0.0652955071119142,0.06188484378449,0.0586523339755477,0.0555886719656123,0.0526850381126986,0.0499330734624059,0.0473248556842377,0.0448528762648694,0.0425100188927093,0.0402895389715263,0.0381850442041683,0.0361904761904762,"National Greenhouse Accounts Factors – 2021.       Australian Government Dept of Environment & Energy Emissions Factors, Table 5 and Table 46 for regional factors (August 2021 report) National Greenhouse Accounts Factors – August 2021, online: www.industry.gov.au, https://www.dcceew.gov.au/climate-change/publications/national-greenhouse-accounts-factors.","AEMO (2020): 2022 Integrated System Plan (ISP), https://aemo.com.au/en/energy-systems/major-publications/integrated-system-plan-isp/2022-integrated-system-plan-isp.",
Australia (Subregions),"Northern territory - Darwin Katherine Interconnected System 
(DKIS)","Northern territory - Darwin Katherine Interconnected System 
(DKIS)",0.62,0.57,0.54,0.54,0.56,0.53251121425309,0.50502242850618,0.477533642759269,0.450044857012359,0.422556071265449,0.395067285518539,0.374431233174637,0.35487309001722,0.336336552243849,0.318768257040257,0.302117628959972,0.286336734328187,0.271380143250738,0.257204798830946,0.243769893217813,0.231036750128763,0.218968713508711,0.207531042004953,0.196690808954075,0.186416807592982,0.176679461221154,0.167450738055513,0.158704070532781,0.150414278827031,0.142557498362228,0.135111111111111,"National Greenhouse Accounts Factors – 2021.       Australian Government Dept of Environment & Energy Emissions Factors, Table 5 and Table 46 for regional factors (August 2021 report) National Greenhouse Accounts Factors – August 2021, online: www.industry.gov.au, https://www.dcceew.gov.au/climate-change/publications/national-greenhouse-accounts-factors.","AEMO (2020): 2022 Integrated System Plan (ISP), https://aemo.com.au/en/energy-systems/major-publications/integrated-system-plan-isp/2022-integrated-system-plan-isp.",
USA,AZNMc,AZNMc,0.385624867536,0.37334477132,0.346615051671299,0.319885332022597,0.293155612373896,0.266425892725195,0.239696173076493,0.195105005251322,0.150513837426153,0.134713325577739,0.118912813729324,0.108820470983459,0.0987281282375944,0.0886357854917296,0.0785434427458648,0.0684511,0.063418498,0.058385896,0.0533532939999999,0.048320692,0.04328809,0.041128506,0.038968922,0.036809338,0.034649754,0.03249017,0.032895092,0.033300014,0.033704936,0.0341098579999999,0.03451478,eGrid 2020. Source: U.S. Environmental Protection Agency. (2021). eGRID2020 summary tables (Emissions & Generation Resource Integrated Database). https://www.epa.gov/egrid,Cambium 2020 & Cambium 2022. National Renewable Energy Laboratory. (2023). Cambium data: Standard scenarios (emissions and generation projections). https://www.nrel.gov/analysis/cambium.html,Sourced eGRID data for 2020–2021 & Cambium for 2035-2050. The interim period of 2022–2034 was interpolated. 
USA,CAMXc,CAMXc,0.233818964936,0.242039412752,0.231141314183962,0.220243215615924,0.209345117047886,0.198447018479848,0.18754891991181,0.157258616538881,0.126968313165953,0.109258902992891,0.0915494928198293,0.0810680862558633,0.0705866796918976,0.0601052731279317,0.0496238665639659,0.03914246,0.035922366,0.032702272,0.029482178,0.026262084,0.02304199,0.0184335919999999,0.013825194,0.009216796,0.004608398,0.0,0.0,0.0,0.0,0.0,0.0,eGrid 2020. Source: U.S. Environmental Protection Agency. (2021). eGRID2020 summary tables (Emissions & Generation Resource Integrated Database). https://www.epa.gov/egrid,Cambium 2020 & Cambium 2022. National Renewable Energy Laboratory. (2023). Cambium data: Standard scenarios (emissions and generation projections). https://www.nrel.gov/analysis/cambium.html,Sourced eGRID data for 2020–2021 & Cambium for 2035-2050. The interim period of 2022–2034 was interpolated. 
USA,ERCTc,ERCTc,0.372870314088,0.370661321048,0.332073666015612,0.293486010983224,0.254898355950835,0.216310700918447,0.177723045886059,0.138648309654103,0.0995735734221479,0.0851776179682696,0.0707816625143913,0.066516996011513,0.0622523295086348,0.0579876630057565,0.0537229965028781,0.04945833,0.048417102,0.047375874,0.0463346459999999,0.045293418,0.04425219,0.044001524,0.043750858,0.043500192,0.043249526,0.04299886,0.042478246,0.041957632,0.041437018,0.040916404,0.04039579,eGrid 2020. Source: U.S. Environmental Protection Agency. (2021). eGRID2020 summary tables (Emissions & Generation Resource Integrated Database). https://www.epa.gov/egrid,Cambium 2020 & Cambium 2022. National Renewable Energy Laboratory. (2023). Cambium data: Standard scenarios (emissions and generation projections). https://www.nrel.gov/analysis/cambium.html,Sourced eGRID data for 2020–2021 & Cambium for 2035-2050. The interim period of 2022–2034 was interpolated. 
USA,FRCCc,FRCCc,0.3802121542,0.379354411728,0.354303033528758,0.329251655329517,0.304200277130275,0.279148898931033,0.254097520731792,0.232755466772352,0.211413412812912,0.196683632498336,0.181953852183761,0.171073167747009,0.160192483310257,0.149311798873504,0.138431114436752,0.12755043,0.124812386,0.122074342,0.119336298,0.116598254,0.11386021,0.111584934,0.109309658,0.107034382,0.104759106,0.10248383,0.105299002,0.108114174,0.110929346,0.113744518,0.11655969,eGrid 2020. Source: U.S. Environmental Protection Agency. (2021). eGRID2020 summary tables (Emissions & Generation Resource Integrated Database). https://www.epa.gov/egrid,Cambium 2020 & Cambium 2022. National Renewable Energy Laboratory. (2023). Cambium data: Standard scenarios (emissions and generation projections). https://www.nrel.gov/analysis/cambium.html,Sourced eGRID data for 2020–2021 & Cambium for 2035-2050. The interim period of 2022–2034 was interpolated. 
USA,MROEc,MROEc,0.696639747768,0.7222432018,0.648021302765364,0.573799403730728,0.499577504696092,0.425355605661456,0.35113370662682,0.266211935286096,0.181290163945372,0.141199503152941,0.10110884236051,0.0936324758884081,0.0861561094163061,0.078679742944204,0.0712033764721019,0.06372701,0.060719018,0.057711026,0.0547030339999999,0.051695042,0.04868705,0.051058736,0.053430422,0.0558021079999999,0.0581737939999999,0.06054548,0.064074086,0.0676026919999999,0.071131298,0.074659904,0.07818851,eGrid 2020. Source: U.S. Environmental Protection Agency. (2021). eGRID2020 summary tables (Emissions & Generation Resource Integrated Database). https://www.epa.gov/egrid,Cambium 2020 & Cambium 2022. National Renewable Energy Laboratory. (2023). Cambium data: Standard scenarios (emissions and generation projections). https://www.nrel.gov/analysis/cambium.html,Sourced eGRID data for 2020–2021 & Cambium for 2035-2050. The interim period of 2022–2034 was interpolated. 
USA,MROWc,MROWc,0.447529289328,0.454977269968,0.401168449725891,0.347359629483782,0.293550809241673,0.239741988999564,0.185933168757454,0.146661619678908,0.107390070600362,0.0888262890785461,0.07026250755673,0.0661209540453841,0.061979400534038,0.057837847022692,0.053696293511346,0.04955474,0.04569834,0.04184194,0.03798554,0.03412914,0.03027274,0.029964228,0.0296557159999999,0.029347204,0.029038692,0.02873018,0.027631106,0.026532032,0.025432958,0.024333884,0.02323481,eGrid 2020. Source: U.S. Environmental Protection Agency. (2021). eGRID2020 summary tables (Emissions & Generation Resource Integrated Database). https://www.epa.gov/egrid,Cambium 2020 & Cambium 2022. National Renewable Energy Laboratory. (2023). Cambium data: Standard scenarios (emissions and generation projections). https://www.nrel.gov/analysis/cambium.html,Sourced eGRID data for 2020–2021 & Cambium for 2035-2050. The interim period of 2022–2034 was interpolated. 
USA,NEWEc,NEWEc,0.241755010568,0.246749058488,0.239151155542673,0.231553252597347,0.22395534965202,0.216357446706694,0.208759543761367,0.193709851388893,0.17866015901642,0.162003217943973,0.145346276871526,0.131085597497221,0.116824918122916,0.102564238748611,0.0883035593743053,0.07404288,0.0742742639999999,0.074505648,0.074737032,0.074968416,0.0751998,0.077243692,0.079287584,0.081331476,0.0833753679999999,0.08541926,0.085380696,0.085342132,0.085303568,0.085265004,0.08522644,eGrid 2020. Source: U.S. Environmental Protection Agency. (2021). eGRID2020 summary tables (Emissions & Generation Resource Integrated Database). https://www.epa.gov/egrid,Cambium 2020 & Cambium 2022. National Renewable Energy Laboratory. (2023). Cambium data: Standard scenarios (emissions and generation projections). https://www.nrel.gov/analysis/cambium.html,Sourced eGRID data for 2020–2021 & Cambium for 2035-2050. The interim period of 2022–2034 was interpolated. 
USA,NWPPc,NWPPc,0.273872499312,0.289628924616,0.264176579938614,0.238724235261228,0.213271890583841,0.187819545906455,0.162367201229071,0.136746669252056,0.111126137275041,0.0932982835142291,0.0754704297534176,0.0712321098027341,0.0669937898520505,0.062755469901367,0.0585171499506835,0.05427883,0.050383866,0.046488902,0.042593938,0.038698974,0.03480401,0.032644426,0.030484842,0.028325258,0.026165674,0.02400609,0.023215528,0.0224249659999999,0.0216344039999999,0.020843842,0.02005328,eGrid 2020. Source: U.S. Environmental Protection Agency. (2021). eGRID2020 summary tables (Emissions & Generation Resource Integrated Database). https://www.epa.gov/egrid,Cambium 2020 & Cambium 2022. National Renewable Energy Laboratory. (2023). Cambium data: Standard scenarios (emissions and generation projections). https://www.nrel.gov/analysis/cambium.html,Sourced eGRID data for 2020–2021 & Cambium for 2035-2050. The interim period of 2022–2034 was interpolated. 
USA,NYSTc,NYSTc,0.314962793802667,0.343342230874667,0.307913134842622,0.272484038810577,0.237054942778533,0.201625846746488,0.166196750714443,0.154700782172735,0.143204813631029,0.0989016366194209,0.0545984596078129,0.0481714736862503,0.0417444877646877,0.0353175018431252,0.0288905159215626,0.02246353,0.017970824,0.013478118,0.008985412,0.004492706,0.0,0.0,0.0,0.0,0.0,0.0,0.0,0.0,0.0,0.0,0.0,eGrid 2020. Source: U.S. Environmental Protection Agency. (2021). eGRID2020 summary tables (Emissions & Generation Resource Integrated Database). https://www.epa.gov/egrid,Cambium 2020 & Cambium 2022. National Renewable Energy Laboratory. (2023). Cambium data: Standard scenarios (emissions and generation projections). https://www.nrel.gov/analysis/cambium.html,Sourced eGRID data for 2020–2021 & Cambium for 2035-2050. The interim period of 2022–2034 was interpolated. 
USA,RFCEc,RFCEc,0.297272403408,0.306626377632,0.292145328591321,0.277664279550642,0.263183230509962,0.248702181469283,0.234221132428604,0.220395604126392,0.206570075824179,0.198525048579358,0.190480021334536,0.183948651067629,0.177417280800721,0.170885910533814,0.164354540266906,0.15782317,0.155142972,0.152462774,0.149782576,0.147102378,0.14442218,0.145039204,0.145656228,0.146273252,0.146890276,0.1475073,0.148818476,0.150129652,0.151440828,0.152752004,0.15406318,eGrid 2020. Source: U.S. Environmental Protection Agency. (2021). eGRID2020 summary tables (Emissions & Generation Resource Integrated Database). https://www.epa.gov/egrid,Cambium 2020 & Cambium 2022. National Renewable Energy Laboratory. (2023). Cambium data: Standard scenarios (emissions and generation projections). https://www.nrel.gov/analysis/cambium.html,Sourced eGRID data for 2020–2021 & Cambium for 2035-2050. The interim period of 2022–2034 was interpolated. 
USA,RFCMc,RFCMc,0.526080083928,0.55421684928,0.518610527966177,0.483004206652355,0.447397885338532,0.411791564024709,0.376185242710887,0.349345629296301,0.322506015881715,0.293373571170405,0.264241126459096,0.260986205167276,0.257731283875457,0.254476362583638,0.251221441291819,0.24796652,0.243473814,0.238981108,0.234488402,0.229995696,0.22550299,0.223806174,0.222109358,0.220412542,0.218715725999999,0.21701891,0.214049481999999,0.211080054,0.208110625999999,0.205141198,0.20217177,eGrid 2020. Source: U.S. Environmental Protection Agency. (2021). eGRID2020 summary tables (Emissions & Generation Resource Integrated Database). https://www.epa.gov/egrid,Cambium 2020 & Cambium 2022. National Renewable Energy Laboratory. (2023). Cambium data: Standard scenarios (emissions and generation projections). https://www.nrel.gov/analysis/cambium.html,Sourced eGRID data for 2020–2021 & Cambium for 2035-2050. The interim period of 2022–2034 was interpolated. 
USA,RFCWc,RFCWc,0.449427118256,0.477425084456,0.454250493375194,0.431075902294387,0.407901311213581,0.384726720132774,0.361552129051968,0.302344786677779,0.243137444303589,0.217769988690405,0.192402533077222,0.186122966461777,0.179843399846333,0.173563833230889,0.167284266615444,0.1610047,0.153234054,0.145463408,0.137692762,0.129922116,0.12215147,0.120975268,0.119799066,0.118622863999999,0.117446662,0.11627046,0.117330969999999,0.11839148,0.119451989999999,0.1205125,0.12157301,eGrid 2020. Source: U.S. Environmental Protection Agency. (2021). eGRID2020 summary tables (Emissions & Generation Resource Integrated Database). https://www.epa.gov/egrid,Cambium 2020 & Cambium 2022. National Renewable Energy Laboratory. (2023). Cambium data: Standard scenarios (emissions and generation projections). https://www.nrel.gov/analysis/cambium.html,Sourced eGRID data for 2020–2021 & Cambium for 2035-2050. The interim period of 2022–2034 was interpolated. 
USA,RMPAc,RMPAc,0.522364258264,0.528993051752,0.479943166816691,0.430893281881382,0.381843396946073,0.332793512010764,0.283743627075455,0.205352056849008,0.126960486622563,0.0955965047261476,0.0642325228297319,0.0625117322637855,0.0607909416978391,0.0590701511318928,0.0573493605659464,0.05562857,0.052119246,0.048609922,0.045100598,0.041591274,0.03808195,0.03393632,0.02979069,0.02564506,0.02149943,0.0173538,0.017758722,0.018163644,0.018568566,0.018973488,0.01937841,eGrid 2020. Source: U.S. Environmental Protection Agency. (2021). eGRID2020 summary tables (Emissions & Generation Resource Integrated Database). https://www.epa.gov/egrid,Cambium 2020 & Cambium 2022. National Renewable Energy Laboratory. (2023). Cambium data: Standard scenarios (emissions and generation projections). https://www.nrel.gov/analysis/cambium.html,Sourced eGRID data for 2020–2021 & Cambium for 2035-2050. The interim period of 2022–2034 was interpolated. 
USA,SPNOc,SPNOc,0.435824347768,0.453182406424,0.400094969009379,0.347007531594758,0.293920094180138,0.240832656765517,0.187745219350896,0.144594661247217,0.101444103143538,0.0883764262414779,0.0753087493394174,0.0728767094715339,0.0704446696036505,0.068012629735767,0.0655805898678835,0.06314855,0.059176458,0.055204366,0.051232274,0.0472601819999999,0.04328809,0.039643792,0.0359994939999999,0.032355196,0.028710898,0.0250666,0.02429532,0.02352404,0.02275276,0.02198148,0.0212102,eGrid 2020. Source: U.S. Environmental Protection Agency. (2021). eGRID2020 summary tables (Emissions & Generation Resource Integrated Database). https://www.epa.gov/egrid,Cambium 2020 & Cambium 2022. National Renewable Energy Laboratory. (2023). Cambium data: Standard scenarios (emissions and generation projections). https://www.nrel.gov/analysis/cambium.html,Sourced eGRID data for 2020–2021 & Cambium for 2035-2050. The interim period of 2022–2034 was interpolated. 
USA,SPSOc,SPSOc,0.424467311272,0.470396676416,0.417585064031998,0.364773451647996,0.311961839263994,0.259150226879993,0.206338614495996,0.152797559951998,0.0992565054079985,0.0795615670879989,0.0598666287679993,0.0533308270143995,0.0467950252607997,0.0402592235071997,0.0337234217535996,0.02718762,0.025413676,0.023639732,0.021865788,0.020091844,0.0183179,0.01773944,0.01716098,0.01658252,0.01600406,0.0154256,0.01629329,0.01716098,0.01802867,0.01889636,0.01976405,eGrid 2020. Source: U.S. Environmental Protection Agency. (2021). eGRID2020 summary tables (Emissions & Generation Resource Integrated Database). https://www.epa.gov/egrid,Cambium 2020 & Cambium 2022. National Renewable Energy Laboratory. (2023). Cambium data: Standard scenarios (emissions and generation projections). https://www.nrel.gov/analysis/cambium.html,Sourced eGRID data for 2020–2021 & Cambium for 2035-2050. The interim period of 2022–2034 was interpolated. 
USA,SRMVc,SRMVc,0.336761669336,0.35171977272,0.331843445218423,0.311967117716845,0.292090790215268,0.272214462713691,0.252338135212114,0.212368647545305,0.172399159878497,0.150679754735865,0.128960349593232,0.123105867674586,0.117251385755939,0.111396903837293,0.105542421918646,0.09968794,0.093671956,0.087655972,0.081639988,0.075624004,0.06960802,0.069241662,0.068875304,0.068508946,0.0681425879999999,0.06777623,0.07105417,0.07433211,0.07761005,0.0808879899999999,0.08416593,eGrid 2020. Source: U.S. Environmental Protection Agency. (2021). eGRID2020 summary tables (Emissions & Generation Resource Integrated Database). https://www.epa.gov/egrid,Cambium 2020 & Cambium 2022. National Renewable Energy Laboratory. (2023). Cambium data: Standard scenarios (emissions and generation projections). https://www.nrel.gov/analysis/cambium.html,Sourced eGRID data for 2020–2021 & Cambium for 2035-2050. The interim period of 2022–2034 was interpolated. 
USA,SRMWc,SRMWc,0.6764644292,0.705199935992,0.666053966431484,0.626907996870968,0.587762027310452,0.548616057749936,0.509470088189423,0.3956210201587,0.28177195212798,0.239810122979896,0.197848293831813,0.190228909065449,0.182609524299087,0.174990139532725,0.167370754766363,0.15975137,0.148625656,0.137499942,0.126374227999999,0.115248513999999,0.1041228,0.0993023,0.0944818,0.0896613,0.0848408,0.0800203,0.069955096,0.059889892,0.0498246879999999,0.0397594839999999,0.02969428,eGrid 2020. Source: U.S. Environmental Protection Agency. (2021). eGRID2020 summary tables (Emissions & Generation Resource Integrated Database). https://www.epa.gov/egrid,Cambium 2020 & Cambium 2022. National Renewable Energy Laboratory. (2023). Cambium data: Standard scenarios (emissions and generation projections). https://www.nrel.gov/analysis/cambium.html,Sourced eGRID data for 2020–2021 & Cambium for 2035-2050. The interim period of 2022–2034 was interpolated. 
USA,SRSOc,SRSOc,0.391986495336,0.40661801248,0.383703545174425,0.36078907786885,0.337874610563275,0.3149601432577,0.292045675952125,0.256245068302372,0.220444460652619,0.20802596249835,0.195607464344082,0.186025995475266,0.176444526606449,0.166863057737633,0.157281588868816,0.14770012,0.140430806,0.133161492,0.125892177999999,0.118622863999999,0.11135355,0.108403404,0.105453258,0.102503112,0.099552966,0.09660282,0.095079542,0.093556264,0.092032986,0.090509708,0.08898643,eGrid 2020. Source: U.S. Environmental Protection Agency. (2021). eGRID2020 summary tables (Emissions & Generation Resource Integrated Database). https://www.epa.gov/egrid,Cambium 2020 & Cambium 2022. National Renewable Energy Laboratory. (2023). Cambium data: Standard scenarios (emissions and generation projections). https://www.nrel.gov/analysis/cambium.html,Sourced eGRID data for 2020–2021 & Cambium for 2035-2050. The interim period of 2022–2034 was interpolated. 
USA,SRTVc,SRTVc,0.38067481804,0.425225717096,0.403801489548312,0.382377262000624,0.360953034452936,0.339528806905248,0.31810457935756,0.277194506754594,0.236284434151628,0.2195276276054,0.202770821059173,0.196384360847338,0.189997900635504,0.183611440423669,0.177224980211835,0.17083852,0.161409622,0.151980724,0.142551826,0.133122928,0.12369403,0.12176583,0.11983763,0.11790943,0.11598123,0.11405303,0.112626162,0.111199294,0.109772426,0.108345558,0.10691869,eGrid 2020. Source: U.S. Environmental Protection Agency. (2021). eGRID2020 summary tables (Emissions & Generation Resource Integrated Database). https://www.epa.gov/egrid,Cambium 2020 & Cambium 2022. National Renewable Energy Laboratory. (2023). Cambium data: Standard scenarios (emissions and generation projections). https://www.nrel.gov/analysis/cambium.html,Sourced eGRID data for 2020–2021 & Cambium for 2035-2050. The interim period of 2022–2034 was interpolated. 
USA,SRVCc,SRVCc,0.284076958536,0.29159388516,0.276596040475174,0.261598195790348,0.246600351105522,0.231602506420696,0.21660466173587,0.189704457751749,0.162804253767628,0.150204320296945,0.137604386826263,0.12980899546101,0.122013604095758,0.114218212730504,0.106422821365253,0.09862743,0.093402008,0.088176586,0.0829511639999999,0.077725742,0.07250032,0.064131932,0.055763544,0.047395156,0.039026768,0.03065838,0.027014082,0.023369784,0.019725486,0.016081188,0.01243689,eGrid 2020. Source: U.S. Environmental Protection Agency. (2021). eGRID2020 summary tables (Emissions & Generation Resource Integrated Database). https://www.epa.gov/egrid,Cambium 2020 & Cambium 2022. National Renewable Energy Laboratory. (2023). Cambium data: Standard scenarios (emissions and generation projections). https://www.nrel.gov/analysis/cambium.html,Sourced eGRID data for 2020–2021 & Cambium for 2035-2050. The interim period of 2022–2034 was interpolated. 
USA,AKGD,AKGD,0.500852204072,0.487007669048,0.389670932350476,0.348385838208141,0.310887813134291,0.277001420303091,0.246550413608904,0.219357727716125,0.195245482481477,0.174034977426143,0.155546692841342,0.139600286471604,0.1260145924092,0.114607619988568,0.105196549364017,0.0975977348264488,0.0916266992754921,0.0870981331139262,0.0838258942476826,0.0816230047691241,0.0803016487458977,0.0796731755376556,0.0795480898458929,0.0797360572418158,0.080045899744047,0.080285592501906,0.080262266006555,0.079782201668706,0.078650829607473,0.0766727297559458,0.0736516285444697,eGrid 2020. Source: U.S. Environmental Protection Agency. (2021). eGRID2020 summary tables (Emissions & Generation Resource Integrated Database). https://www.epa.gov/egrid,Cambium 2020 & Cambium 2022. National Renewable Energy Laboratory. (2023). Cambium data: Standard scenarios (emissions and generation projections). https://www.nrel.gov/analysis/cambium.html,Sourced eGRID data for 2020–2021 & Cambium for 2035-2050. The interim period of 2022–2034 was interpolated. 
USA,AKMS,AKMS,0.24317520712,0.2209333234,0.177093892649886,0.158331040655816,0.141289299341023,0.125888937866427,0.112049857599256,0.0996915875909955,0.0887332865871836,0.0790937405151644,0.0706913629865359,0.0634441937897998,0.0572698983879104,0.0520857674158245,0.0478087146707001,0.0443552786192471,0.0416416198854755,0.0395835207482452,0.0380963851412656,0.0370952371457448,0.0364947199854885,0.0362090975342515,0.0361522497936837,0.0362376754055826,0.0363784896420912,0.0364874228983471,0.0364768216973834,0.0362586466803266,0.0357444716014966,0.0348454838308562,0.0334724828466607,eGrid 2020. Source: U.S. Environmental Protection Agency. (2021). eGRID2020 summary tables (Emissions & Generation Resource Integrated Database). https://www.epa.gov/egrid,Cambium 2020 & Cambium 2022. National Renewable Energy Laboratory. (2023). Cambium data: Standard scenarios (emissions and generation projections). https://www.nrel.gov/analysis/cambium.html,Sourced eGRID data for 2020–2021 & Cambium for 2035-2050. The interim period of 2022–2034 was interpolated. 
USA,HIMS,HIMS,0.522140637408,0.518865703168,0.414018325315426,0.37015365869994,0.330312684547555,0.294309004400493,0.261955359955808,0.233063622493515,0.207444797575199,0.184909019170754,0.165265550833039,0.148322782173918,0.13388822768961,0.121768525586037,0.111769433080216,0.103695829924215,0.097351712531896,0.0925401928042574,0.0890634981294395,0.0867229678587662,0.085319050957442,0.0846513095285072,0.0845184082409718,0.084718120203074,0.085047322263673,0.0853019914882939,0.0852772075084306,0.084767147822939,0.0835650854487328,0.0814633900954357,0.0782535246414254,eGrid 2020. Source: U.S. Environmental Protection Agency. (2021). eGRID2020 summary tables (Emissions & Generation Resource Integrated Database). https://www.epa.gov/egrid,Cambium 2020 & Cambium 2022. National Renewable Energy Laboratory. (2023). Cambium data: Standard scenarios (emissions and generation projections). https://www.nrel.gov/analysis/cambium.html,Sourced eGRID data for 2020–2021 & Cambium for 2035-2050. The interim period of 2022–2034 was interpolated. 
Canada,Alberta,Alberta,0.5231,0.4567,0.3692,0.33,0.1869,0.1827,0.1921,0.2129,0.1471,0.1494,0.1536,0.1383,0.1308,0.1278,0.1193,0.1156,0.1131,0.1119,0.1127,0.1139,0.1157,0.1166,0.1172,0.1184,0.1201,0.121,0.1216,0.1227,0.1241,0.1225,0.1244,ECCC Data. Source: Environment and Climate Change Canada. (2025). Canada’s greenhouse gas emissions projections. Government of Canada. https://data-donnees.az.ec.gc.ca/data/substances/monitor/canada-s-greenhouse-gas-emissions-projections/?lang=en,ECCC Data. Source: Environment and Climate Change Canada. (2025). Canada’s greenhouse gas emissions projections. Government of Canada. https://data-donnees.az.ec.gc.ca/data/substances/monitor/canada-s-greenhouse-gas-emissions-projections/?lang=en,This source provides both historical and projected emission data until 2050 for Canadian provinces
Canada,Manitoba,Manitoba,0.0019,0.0026,0.0,0.0,0.0,0.0,0.0,0.0,0.0,0.0,0.0,0.0,0.0,0.0,0.0,0.0,0.0,0.0,0.0,0.0,0.0,0.0,0.0,0.0,0.0,0.0,0.0,0.0,0.0,0.0,0.0,ECCC Data. Source: Environment and Climate Change Canada. (2025). Canada’s greenhouse gas emissions projections. Government of Canada. https://data-donnees.az.ec.gc.ca/data/substances/monitor/canada-s-greenhouse-gas-emissions-projections/?lang=en,ECCC Data. Source: Environment and Climate Change Canada. (2025). Canada’s greenhouse gas emissions projections. Government of Canada. https://data-donnees.az.ec.gc.ca/data/substances/monitor/canada-s-greenhouse-gas-emissions-projections/?lang=en,This source provides both historical and projected emission data until 2050 for Canadian provinces
Canada,Quebec,Quebec,0.0018,0.0015,0.0049,0.0005,0.0004,0.0004,0.0002,0.0003,0.0003,0.0003,0.0003,0.0003,0.0003,0.0003,0.0003,0.0003,0.0003,0.0003,0.0003,0.0003,0.0003,0.0003,0.0003,0.0003,0.0003,0.0003,0.0002,0.0002,0.0002,0.0002,0.0002,ECCC Data. Source: Environment and Climate Change Canada. (2025). Canada’s greenhouse gas emissions projections. Government of Canada. https://data-donnees.az.ec.gc.ca/data/substances/monitor/canada-s-greenhouse-gas-emissions-projections/?lang=en,ECCC Data. Source: Environment and Climate Change Canada. (2025). Canada’s greenhouse gas emissions projections. Government of Canada. https://data-donnees.az.ec.gc.ca/data/substances/monitor/canada-s-greenhouse-gas-emissions-projections/?lang=en,This source provides both historical and projected emission data until 2050 for Canadian provinces
Canada,Ontario,Ontario,0.0258,0.0262,0.0703,0.0813,0.0631,0.0844,0.0697,0.0849,0.0729,0.0667,0.0551,0.0534,0.0479,0.0407,0.0316,0.0288,0.0266,0.0249,0.0234,0.0215,0.0207,0.0198,0.0193,0.0186,0.0177,0.0166,0.0152,0.0141,0.0135,0.0142,0.0153,ECCC Data. Source: Environment and Climate Change Canada. (2025). Canada’s greenhouse gas emissions projections. Government of Canada. https://data-donnees.az.ec.gc.ca/data/substances/monitor/canada-s-greenhouse-gas-emissions-projections/?lang=en,ECCC Data. Source: Environment and Climate Change Canada. (2025). Canada’s greenhouse gas emissions projections. Government of Canada. https://data-donnees.az.ec.gc.ca/data/substances/monitor/canada-s-greenhouse-gas-emissions-projections/?lang=en,This source provides both historical and projected emission data until 2050 for Canadian provinces
Canada,Saskatchewan,Saskatchewan,0.6286,0.7267,0.6156,0.5842,0.5802,0.5226,0.5209,0.5107,0.4048,0.3811,0.165,0.1578,0.1361,0.1289,0.1218,0.0975,0.0888,0.0855,0.0815,0.0773,0.0735,0.075,0.076,0.077,0.0758,0.0758,0.0711,0.0666,0.06,0.049,0.0478,ECCC Data. Source: Environment and Climate Change Canada. (2025). Canada’s greenhouse gas emissions projections. Government of Canada. https://data-donnees.az.ec.gc.ca/data/substances/monitor/canada-s-greenhouse-gas-emissions-projections/?lang=en,ECCC Data. Source: Environment and Climate Change Canada. (2025). Canada’s greenhouse gas emissions projections. Government of Canada. https://data-donnees.az.ec.gc.ca/data/substances/monitor/canada-s-greenhouse-gas-emissions-projections/?lang=en,This source provides both historical and projected emission data until 2050 for Canadian provinces
Canada,Newfoundland,Newfoundland,0.0894,0.0809,0.0063,0.0094,0.0091,0.0092,0.0103,0.0092,0.0092,0.0105,0.0,0.0,0.0,0.0,0.0,0.0,0.0,0.0,0.0,0.0,0.0,0.0,0.0,0.0,0.0,0.0,0.0,0.0,0.0,0.0,0.0,ECCC Data. Source: Environment and Climate Change Canada. (2025). Canada’s greenhouse gas emissions projections. Government of Canada. https://data-donnees.az.ec.gc.ca/data/substances/monitor/canada-s-greenhouse-gas-emissions-projections/?lang=en,ECCC Data. Source: Environment and Climate Change Canada. (2025). Canada’s greenhouse gas emissions projections. Government of Canada. https://data-donnees.az.ec.gc.ca/data/substances/monitor/canada-s-greenhouse-gas-emissions-projections/?lang=en,This source provides both historical and projected emission data until 2050 for Canadian provinces
Canada,Prince Edward Island,Prince Edward Island,0.0002,0.0013,0.0,0.0,0.0,0.0,0.0,0.0,0.0,0.0,0.0,0.0,0.0,0.0,0.0,0.0,0.0,0.0,0.0,0.0,0.0,0.0,0.0,0.0,0.0,0.0,0.0,0.0,0.0,0.0,0.0,ECCC Data. Source: Environment and Climate Change Canada. (2025). Canada’s greenhouse gas emissions projections. Government of Canada. https://data-donnees.az.ec.gc.ca/data/substances/monitor/canada-s-greenhouse-gas-emissions-projections/?lang=en,ECCC Data. Source: Environment and Climate Change Canada. (2025). Canada’s greenhouse gas emissions projections. Government of Canada. https://data-donnees.az.ec.gc.ca/data/substances/monitor/canada-s-greenhouse-gas-emissions-projections/?lang=en,This source provides both historical and projected emission data until 2050 for Canadian provinces
Canada,Nova Scotia,Nova Scotia,0.6287,0.5905,0.6618,0.6427,0.5601,0.5139,0.4824,0.4531,0.3709,0.1442,0.0846,0.0757,0.0659,0.059,0.0528,0.0451,0.0418,0.0383,0.0374,0.0366,0.0358,0.0348,0.0338,0.0332,0.0324,0.0314,0.0304,0.0297,0.0291,0.0248,0.026,ECCC Data. Source: Environment and Climate Change Canada. (2025). Canada’s greenhouse gas emissions projections. Government of Canada. https://data-donnees.az.ec.gc.ca/data/substances/monitor/canada-s-greenhouse-gas-emissions-projections/?lang=en,ECCC Data. Source: Environment and Climate Change Canada. (2025). Canada’s greenhouse gas emissions projections. Government of Canada. https://data-donnees.az.ec.gc.ca/data/substances/monitor/canada-s-greenhouse-gas-emissions-projections/?lang=en,This source provides both historical and projected emission data until 2050 for Canadian provinces
Canada,New Brunswick,New Brunswick,0.1815,0.2591,0.2518,0.2418,0.2389,0.2405,0.2274,0.2272,0.2253,0.0762,0.0251,0.0237,0.0208,0.0155,0.0124,0.0071,0.0071,0.0071,0.0072,0.0072,0.0072,0.0072,0.0001,0.0001,0.0001,0.0001,0.0001,0.0001,0.0001,0.0001,0.0001,ECCC Data. Source: Environment and Climate Change Canada. (2025). Canada’s greenhouse gas emissions projections. Government of Canada. https://data-donnees.az.ec.gc.ca/data/substances/monitor/canada-s-greenhouse-gas-emissions-projections/?lang=en,ECCC Data. Source: Environment and Climate Change Canada. (2025). Canada’s greenhouse gas emissions projections. Government of Canada. https://data-donnees.az.ec.gc.ca/data/substances/monitor/canada-s-greenhouse-gas-emissions-projections/?lang=en,This source provides both historical and projected emission data until 2050 for Canadian provinces
Canada,British Columbia,British Columbia,0.0053,0.0082,0.0033,0.0021,0.002,0.0017,0.0015,0.001,0.0009,0.0009,0.0012,0.0005,0.0005,0.0005,0.0005,0.0005,0.0005,0.0005,0.0005,0.0005,0.0005,0.0005,0.0005,0.0005,0.0005,0.0005,0.0005,0.0005,0.0005,0.0005,0.0004,ECCC Data. Source: Environment and Climate Change Canada. (2025). Canada’s greenhouse gas emissions projections. Government of Canada. https://data-donnees.az.ec.gc.ca/data/substances/monitor/canada-s-greenhouse-gas-emissions-projections/?lang=en,ECCC Data. Source: Environment and Climate Change Canada. (2025). Canada’s greenhouse gas emissions projections. Government of Canada. https://data-donnees.az.ec.gc.ca/data/substances/monitor/canada-s-greenhouse-gas-emissions-projections/?lang=en,This source provides both historical and projected emission data until 2050 for Canadian provinces
Canada,Territories,Territories,0.1111,0.0796,0.1452,0.1598,0.1784,0.1115,0.126,0.1023,0.0786,0.0578,0.0394,0.0123,0.0005,0.0,0.0001,0.0006,0.0017,0.0047,0.0099,0.0156,0.022,0.0314,0.0396,0.0418,0.0304,0.0243,0.0195,0.0163,0.0182,0.0201,0.0247,ECCC Data. Source: Environment and Climate Change Canada. (2025). Canada’s greenhouse gas emissions projections. Government of Canada. https://data-donnees.az.ec.gc.ca/data/substances/monitor/canada-s-greenhouse-gas-emissions-projections/?lang=en,ECCC Data. Source: Environment and Climate Change Canada. (2025). Canada’s greenhouse gas emissions projections. Government of Canada. https://data-donnees.az.ec.gc.ca/data/substances/monitor/canada-s-greenhouse-gas-emissions-projections/?lang=en,This source provides both historical and projected emission data until 2050 for Canadian provinces
North America,MX,Mexico,0.494,0.423,0.435,0.438,0.444,0.42,0.42,0.42,0.42,0.41,0.41,0.41,0.41,0.41,0.41,0.41,0.41,0.41,0.41,0.4,0.4,0.4,0.4,0.4,0.4,0.4,0.4,0.4,0.4,0.39,0.39,,,
