ZIP Code,Country,NUTS 0,NUTS 1,NUTS 2,NUTS 3,NUTS 3 Name,CDD_2015,CDD_45_pa,CDD_85_pa,HDD_2015,HDD_45_pa,HDD_85_pa
,Slovenia,SI,,,,Slovenia,92.5998891630137,1.09952070993361,1.42665073791041,2048.36376809356,-4.19664277951805,-6.16610094382222
SI1000,Slovenia,SI,SI0,SI04,SI041,Osrednjeslovenska,91.3088888888749,1.14271604938333,1.49907407407333,2052.53509259487,-4.23808641974998,-6.23141975308333
SI1210,Slovenia,SI,SI0,SI04,SI041,Osrednjeslovenska,91.3088888888749,1.14271604938333,1.49907407407333,2052.53509259487,-4.23808641974998,-6.23141975308333
SI1211,Slovenia,SI,SI0,SI04,SI041,Osrednjeslovenska,91.3088888888749,1.14271604938333,1.49907407407333,2052.53509259487,-4.23808641974998,-6.23141975308333
SI1215,Slovenia,SI,SI0,SI04,SI041,Osrednjeslovenska,91.3088888888749,1.14271604938333,1.49907407407333,2052.53509259487,-4.23808641974998,-6.23141975308333
SI1216,Slovenia,SI,SI0,SI04,SI041,Osrednjeslovenska,91.3088888888749,1.14271604938333,1.49907407407333,2052.53509259487,-4.23808641974998,-6.23141975308333
SI1217,Slovenia,SI,SI0,SI04,SI041,Osrednjeslovenska,91.3088888888749,1.14271604938333,1.49907407407333,2052.53509259487,-4.23808641974998,-6.23141975308333
SI1218,Slovenia,SI,SI0,SI04,SI041,Osrednjeslovenska,91.3088888888749,1.14271604938333,1.49907407407333,2052.53509259487,-4.23808641974998,-6.23141975308333
SI1219,Slovenia,SI,SI0,SI04,SI041,Osrednjeslovenska,91.3088888888749,1.14271604938333,1.49907407407333,2052.53509259487,-4.23808641974998,-6.23141975308333
SI1221,Slovenia,SI,SI0,SI04,SI041,Osrednjeslovenska,91.3088888888749,1.14271604938333,1.49907407407333,2052.53509259487,-4.23808641974998,-6.23141975308333
SI1222,Slovenia,SI,SI0,SI04,SI041,Osrednjeslovenska,91.3088888888749,1.14271604938333,1.49907407407333,2052.53509259487,-4.23808641974998,-6.23141975308333
SI1223,Slovenia,SI,SI0,SI04,SI041,Osrednjeslovenska,91.3088888888749,1.14271604938333,1.49907407407333,2052.53509259487,-4.23808641974998,-6.23141975308333
SI1225,Slovenia,SI,SI0,SI04,SI041,Osrednjeslovenska,91.3088888888749,1.14271604938333,1.49907407407333,2052.53509259487,-4.23808641974998,-6.23141975308333
SI1230,Slovenia,SI,SI0,SI04,SI041,Osrednjeslovenska,91.3088888888749,1.14271604938333,1.49907407407333,2052.53509259487,-4.23808641974998,-6.23141975308333
SI1231,Slovenia,SI,SI0,SI04,SI041,Osrednjeslovenska,91.3088888888749,1.14271604938333,1.49907407407333,2052.53509259487,-4.23808641974998,-6.23141975308333
SI1233,Slovenia,SI,SI0,SI04,SI041,Osrednjeslovenska,91.3088888888749,1.14271604938333,1.49907407407333,2052.53509259487,-4.23808641974998,-6.23141975308333
SI1234,Slovenia,SI,SI0,SI04,SI041,Osrednjeslovenska,91.3088888888749,1.14271604938333,1.49907407407333,2052.53509259487,-4.23808641974998,-6.23141975308333
SI1235,Slovenia,SI,SI0,SI04,SI041,Osrednjeslovenska,91.3088888888749,1.14271604938333,1.49907407407333,2052.53509259487,-4.23808641974998,-6.23141975308333
SI1236,Slovenia,SI,SI0,SI04,SI041,Osrednjeslovenska,91.3088888888749,1.14271604938333,1.49907407407333,2052.53509259487,-4.23808641974998,-6.23141975308333
SI1241,Slovenia,SI,SI0,SI04,SI041,Osrednjeslovenska,91.3088888888749,1.14271604938333,1.49907407407333,2052.53509259487,-4.23808641974998,-6.23141975308333
SI1242,Slovenia,SI,SI0,SI04,SI041,Osrednjeslovenska,91.3088888888749,1.14271604938333,1.49907407407333,2052.53509259487,-4.23808641974998,-6.23141975308333
SI1251,Slovenia,SI,SI0,SI04,SI041,Osrednjeslovenska,91.3088888888749,1.14271604938333,1.49907407407333,2052.53509259487,-4.23808641974998,-6.23141975308333
SI1252,Slovenia,SI,SI0,SI03,SI035,Zasavska,97.448,1.33066666666667,1.74333333333332,1960.742,-4.43066666666665,-6.46699999999998
SI1260,Slovenia,SI,SI0,SI04,SI041,Osrednjeslovenska,91.3088888888749,1.14271604938333,1.49907407407333,2052.53509259487,-4.23808641974998,-6.23141975308333
SI1261,Slovenia,SI,SI0,SI04,SI041,Osrednjeslovenska,91.3088888888749,1.14271604938333,1.49907407407333,2052.53509259487,-4.23808641974998,-6.23141975308333
SI1262,Slovenia,SI,SI0,SI04,SI041,Osrednjeslovenska,91.3088888888749,1.14271604938333,1.49907407407333,2052.53509259487,-4.23808641974998,-6.23141975308333
SI1270,Slovenia,SI,SI0,SI03,SI035,Zasavska,97.448,1.33066666666667,1.74333333333332,1960.742,-4.43066666666665,-6.46699999999998
SI1272,Slovenia,SI,SI0,SI03,SI035,Zasavska,97.448,1.33066666666667,1.74333333333332,1960.742,-4.43066666666665,-6.46699999999998
SI1273,Slovenia,SI,SI0,SI03,SI035,Zasavska,97.448,1.33066666666667,1.74333333333332,1960.742,-4.43066666666665,-6.46699999999998
SI1274,Slovenia,SI,SI0,SI03,SI035,Zasavska,97.448,1.33066666666667,1.74333333333332,1960.742,-4.43066666666665,-6.46699999999998
SI1275,Slovenia,SI,SI0,SI04,SI041,Osrednjeslovenska,91.3088888888749,1.14271604938333,1.49907407407333,2052.53509259487,-4.23808641974998,-6.23141975308333
SI1276,Slovenia,SI,SI0,SI04,SI041,Osrednjeslovenska,91.3088888888749,1.14271604938333,1.49907407407333,2052.53509259487,-4.23808641974998,-6.23141975308333
SI1281,Slovenia,SI,SI0,SI03,SI035,Zasavska,97.448,1.33066666666667,1.74333333333332,1960.742,-4.43066666666665,-6.46699999999998
SI1282,Slovenia,SI,SI0,SI03,SI035,Zasavska,97.448,1.33066666666667,1.74333333333332,1960.742,-4.43066666666665,-6.46699999999998
SI1290,Slovenia,SI,SI0,SI04,SI041,Osrednjeslovenska,91.3088888888749,1.14271604938333,1.49907407407333,2052.53509259487,-4.23808641974998,-6.23141975308333
SI1291,Slovenia,SI,SI0,SI04,SI041,Osrednjeslovenska,91.3088888888749,1.14271604938333,1.49907407407333,2052.53509259487,-4.23808641974998,-6.23141975308333
SI1292,Slovenia,SI,SI0,SI04,SI041,Osrednjeslovenska,91.3088888888749,1.14271604938333,1.49907407407333,2052.53509259487,-4.23808641974998,-6.23141975308333
SI1293,Slovenia,SI,SI0,SI04,SI041,Osrednjeslovenska,91.3088888888749,1.14271604938333,1.49907407407333,2052.53509259487,-4.23808641974998,-6.23141975308333
SI1294,Slovenia,SI,SI0,SI04,SI041,Osrednjeslovenska,91.3088888888749,1.14271604938333,1.49907407407333,2052.53509259487,-4.23808641974998,-6.23141975308333
SI1295,Slovenia,SI,SI0,SI04,SI041,Osrednjeslovenska,91.3088888888749,1.14271604938333,1.49907407407333,2052.53509259487,-4.23808641974998,-6.23141975308333
SI1296,Slovenia,SI,SI0,SI04,SI041,Osrednjeslovenska,91.3088888888749,1.14271604938333,1.49907407407333,2052.53509259487,-4.23808641974998,-6.23141975308333
SI1301,Slovenia,SI,SI0,SI04,SI041,Osrednjeslovenska,91.3088888888749,1.14271604938333,1.49907407407333,2052.53509259487,-4.23808641974998,-6.23141975308333
SI1303,Slovenia,SI,SI0,SI04,SI041,Osrednjeslovenska,91.3088888888749,1.14271604938333,1.49907407407333,2052.53509259487,-4.23808641974998,-6.23141975308333
SI1310,Slovenia,SI,SI0,SI03,SI037,Jugovzhodna Slovenija,92.9078030302675,1.091464646465,1.42919191919167,2085.17166666983,-4.30898989898332,-6.30454545454998
SI1311,Slovenia,SI,SI0,SI04,SI041,Osrednjeslovenska,91.3088888888749,1.14271604938333,1.49907407407333,2052.53509259487,-4.23808641974998,-6.23141975308333
SI1312,Slovenia,SI,SI0,SI04,SI041,Osrednjeslovenska,91.3088888888749,1.14271604938333,1.49907407407333,2052.53509259487,-4.23808641974998,-6.23141975308333
SI1313,Slovenia,SI,SI0,SI04,SI041,Osrednjeslovenska,91.3088888888749,1.14271604938333,1.49907407407333,2052.53509259487,-4.23808641974998,-6.23141975308333
SI1314,Slovenia,SI,SI0,SI04,SI041,Osrednjeslovenska,91.3088888888749,1.14271604938333,1.49907407407333,2052.53509259487,-4.23808641974998,-6.23141975308333
SI1315,Slovenia,SI,SI0,SI04,SI041,Osrednjeslovenska,91.3088888888749,1.14271604938333,1.49907407407333,2052.53509259487,-4.23808641974998,-6.23141975308333
SI1316,Slovenia,SI,SI0,SI03,SI037,Jugovzhodna Slovenija,92.9078030302675,1.091464646465,1.42919191919167,2085.17166666983,-4.30898989898332,-6.30454545454998
SI1317,Slovenia,SI,SI0,SI03,SI037,Jugovzhodna Slovenija,92.9078030302675,1.091464646465,1.42919191919167,2085.17166666983,-4.30898989898332,-6.30454545454998
SI1318,Slovenia,SI,SI0,SI03,SI037,Jugovzhodna Slovenija,92.9078030302675,1.091464646465,1.42919191919167,2085.17166666983,-4.30898989898332,-6.30454545454998
SI1319,Slovenia,SI,SI0,SI03,SI037,Jugovzhodna Slovenija,92.9078030302675,1.091464646465,1.42919191919167,2085.17166666983,-4.30898989898332,-6.30454545454998
SI1330,Slovenia,SI,SI0,SI03,SI037,Jugovzhodna Slovenija,92.9078030302675,1.091464646465,1.42919191919167,2085.17166666983,-4.30898989898332,-6.30454545454998
SI1331,Slovenia,SI,SI0,SI03,SI037,Jugovzhodna Slovenija,92.9078030302675,1.091464646465,1.42919191919167,2085.17166666983,-4.30898989898332,-6.30454545454998
SI1332,Slovenia,SI,SI0,SI03,SI037,Jugovzhodna Slovenija,92.9078030302675,1.091464646465,1.42919191919167,2085.17166666983,-4.30898989898332,-6.30454545454998
SI1336,Slovenia,SI,SI0,SI03,SI037,Jugovzhodna Slovenija,92.9078030302675,1.091464646465,1.42919191919167,2085.17166666983,-4.30898989898332,-6.30454545454998
SI1337,Slovenia,SI,SI0,SI03,SI037,Jugovzhodna Slovenija,92.9078030302675,1.091464646465,1.42919191919167,2085.17166666983,-4.30898989898332,-6.30454545454998
SI1338,Slovenia,SI,SI0,SI03,SI037,Jugovzhodna Slovenija,92.9078030302675,1.091464646465,1.42919191919167,2085.17166666983,-4.30898989898332,-6.30454545454998
SI1351,Slovenia,SI,SI0,SI04,SI041,Osrednjeslovenska,91.3088888888749,1.14271604938333,1.49907407407333,2052.53509259487,-4.23808641974998,-6.23141975308333
SI1352,Slovenia,SI,SI0,SI04,SI041,Osrednjeslovenska,91.3088888888749,1.14271604938333,1.49907407407333,2052.53509259487,-4.23808641974998,-6.23141975308333
SI1353,Slovenia,SI,SI0,SI04,SI041,Osrednjeslovenska,91.3088888888749,1.14271604938333,1.49907407407333,2052.53509259487,-4.23808641974998,-6.23141975308333
SI1354,Slovenia,SI,SI0,SI04,SI041,Osrednjeslovenska,91.3088888888749,1.14271604938333,1.49907407407333,2052.53509259487,-4.23808641974998,-6.23141975308333
SI1355,Slovenia,SI,SI0,SI04,SI041,Osrednjeslovenska,91.3088888888749,1.14271604938333,1.49907407407333,2052.53509259487,-4.23808641974998,-6.23141975308333
SI1356,Slovenia,SI,SI0,SI04,SI041,Osrednjeslovenska,91.3088888888749,1.14271604938333,1.49907407407333,2052.53509259487,-4.23808641974998,-6.23141975308333
SI1357,Slovenia,SI,SI0,SI04,SI041,Osrednjeslovenska,91.3088888888749,1.14271604938333,1.49907407407333,2052.53509259487,-4.23808641974998,-6.23141975308333
SI1358,Slovenia,SI,SI0,SI04,SI041,Osrednjeslovenska,91.3088888888749,1.14271604938333,1.49907407407333,2052.53509259487,-4.23808641974998,-6.23141975308333
SI1360,Slovenia,SI,SI0,SI04,SI041,Osrednjeslovenska,91.3088888888749,1.14271604938333,1.49907407407333,2052.53509259487,-4.23808641974998,-6.23141975308333
SI1370,Slovenia,SI,SI0,SI04,SI041,Osrednjeslovenska,91.3088888888749,1.14271604938333,1.49907407407333,2052.53509259487,-4.23808641974998,-6.23141975308333
SI1372,Slovenia,SI,SI0,SI04,SI041,Osrednjeslovenska,91.3088888888749,1.14271604938333,1.49907407407333,2052.53509259487,-4.23808641974998,-6.23141975308333
SI1373,Slovenia,SI,SI0,SI04,SI041,Osrednjeslovenska,91.3088888888749,1.14271604938333,1.49907407407333,2052.53509259487,-4.23808641974998,-6.23141975308333
SI1380,Slovenia,SI,SI0,SI03,SI038,Primorsko-notranjska,58.4668749999999,0.787083333333333,1.04677083333333,2199.67453125,-4.21156249999998,-6.29229166666667
SI1381,Slovenia,SI,SI0,SI03,SI038,Primorsko-notranjska,58.4668749999999,0.787083333333333,1.04677083333333,2199.67453125,-4.21156249999998,-6.29229166666667
SI1382,Slovenia,SI,SI0,SI03,SI038,Primorsko-notranjska,58.4668749999999,0.787083333333333,1.04677083333333,2199.67453125,-4.21156249999998,-6.29229166666667
SI1384,Slovenia,SI,SI0,SI03,SI038,Primorsko-notranjska,58.4668749999999,0.787083333333333,1.04677083333333,2199.67453125,-4.21156249999998,-6.29229166666667
SI1385,Slovenia,SI,SI0,SI03,SI038,Primorsko-notranjska,58.4668749999999,0.787083333333333,1.04677083333333,2199.67453125,-4.21156249999998,-6.29229166666667
SI1386,Slovenia,SI,SI0,SI03,SI038,Primorsko-notranjska,58.4668749999999,0.787083333333333,1.04677083333333,2199.67453125,-4.21156249999998,-6.29229166666667
SI1410,Slovenia,SI,SI0,SI03,SI035,Zasavska,97.448,1.33066666666667,1.74333333333332,1960.742,-4.43066666666665,-6.46699999999998
SI1411,Slovenia,SI,SI0,SI03,SI035,Zasavska,97.448,1.33066666666667,1.74333333333332,1960.742,-4.43066666666665,-6.46699999999998
SI1412,Slovenia,SI,SI0,SI03,SI035,Zasavska,97.448,1.33066666666667,1.74333333333332,1960.742,-4.43066666666665,-6.46699999999998
SI1413,Slovenia,SI,SI0,SI03,SI035,Zasavska,97.448,1.33066666666667,1.74333333333332,1960.742,-4.43066666666665,-6.46699999999998
SI1414,Slovenia,SI,SI0,SI03,SI035,Zasavska,97.448,1.33066666666667,1.74333333333332,1960.742,-4.43066666666665,-6.46699999999998
SI1420,Slovenia,SI,SI0,SI03,SI035,Zasavska,97.448,1.33066666666667,1.74333333333332,1960.742,-4.43066666666665,-6.46699999999998
SI1423,Slovenia,SI,SI0,SI03,SI035,Zasavska,97.448,1.33066666666667,1.74333333333332,1960.742,-4.43066666666665,-6.46699999999998
SI1430,Slovenia,SI,SI0,SI03,SI035,Zasavska,97.448,1.33066666666667,1.74333333333332,1960.742,-4.43066666666665,-6.46699999999998
SI1431,Slovenia,SI,SI0,SI03,SI035,Zasavska,97.448,1.33066666666667,1.74333333333332,1960.742,-4.43066666666665,-6.46699999999998
SI1432,Slovenia,SI,SI0,SI03,SI034,Savinjska,83.7770689655274,1.07804597701167,1.39183908046,2076.13818965909,-4.37982758619998,-6.38379310345
SI1433,Slovenia,SI,SI0,SI03,SI036,Posavska,120.088333333292,1.37148148148167,1.77074074073333,1944.70333333323,-4.31777777778332,-6.26333333333333
SI1434,Slovenia,SI,SI0,SI03,SI036,Posavska,120.088333333292,1.37148148148167,1.77074074073333,1944.70333333323,-4.31777777778332,-6.26333333333333
SI2000,Slovenia,SI,SI0,SI03,SI032,Podravska,104.9275,1.12633333333333,1.40353333333333,2043.3844,-4.18213333333333,-6.04473333333333
SI2201,Slovenia,SI,SI0,SI03,SI032,Podravska,104.9275,1.12633333333333,1.40353333333333,2043.3844,-4.18213333333333,-6.04473333333333
SI2204,Slovenia,SI,SI0,SI03,SI032,Podravska,104.9275,1.12633333333333,1.40353333333333,2043.3844,-4.18213333333333,-6.04473333333333
SI2205,Slovenia,SI,SI0,SI03,SI032,Podravska,104.9275,1.12633333333333,1.40353333333333,2043.3844,-4.18213333333333,-6.04473333333333
SI2206,Slovenia,SI,SI0,SI03,SI032,Podravska,104.9275,1.12633333333333,1.40353333333333,2043.3844,-4.18213333333333,-6.04473333333333
SI2208,Slovenia,SI,SI0,SI03,SI032,Podravska,104.9275,1.12633333333333,1.40353333333333,2043.3844,-4.18213333333333,-6.04473333333333
SI2211,Slovenia,SI,SI0,SI03,SI032,Podravska,104.9275,1.12633333333333,1.40353333333333,2043.3844,-4.18213333333333,-6.04473333333333
SI2212,Slovenia,SI,SI0,SI03,SI032,Podravska,104.9275,1.12633333333333,1.40353333333333,2043.3844,-4.18213333333333,-6.04473333333333
SI2213,Slovenia,SI,SI0,SI03,SI032,Podravska,104.9275,1.12633333333333,1.40353333333333,2043.3844,-4.18213333333333,-6.04473333333333
SI2214,Slovenia,SI,SI0,SI03,SI032,Podravska,104.9275,1.12633333333333,1.40353333333333,2043.3844,-4.18213333333333,-6.04473333333333
SI2215,Slovenia,SI,SI0,SI03,SI032,Podravska,104.9275,1.12633333333333,1.40353333333333,2043.3844,-4.18213333333333,-6.04473333333333
SI2221,Slovenia,SI,SI0,SI03,SI032,Podravska,104.9275,1.12633333333333,1.40353333333333,2043.3844,-4.18213333333333,-6.04473333333333
SI2222,Slovenia,SI,SI0,SI03,SI032,Podravska,104.9275,1.12633333333333,1.40353333333333,2043.3844,-4.18213333333333,-6.04473333333333
SI2223,Slovenia,SI,SI0,SI03,SI032,Podravska,104.9275,1.12633333333333,1.40353333333333,2043.3844,-4.18213333333333,-6.04473333333333
SI2229,Slovenia,SI,SI0,SI03,SI032,Podravska,104.9275,1.12633333333333,1.40353333333333,2043.3844,-4.18213333333333,-6.04473333333333
SI2230,Slovenia,SI,SI0,SI03,SI032,Podravska,104.9275,1.12633333333333,1.40353333333333,2043.3844,-4.18213333333333,-6.04473333333333
SI2231,Slovenia,SI,SI0,SI03,SI032,Podravska,104.9275,1.12633333333333,1.40353333333333,2043.3844,-4.18213333333333,-6.04473333333333
SI2232,Slovenia,SI,SI0,SI03,SI032,Podravska,104.9275,1.12633333333333,1.40353333333333,2043.3844,-4.18213333333333,-6.04473333333333
SI2233,Slovenia,SI,SI0,SI03,SI032,Podravska,104.9275,1.12633333333333,1.40353333333333,2043.3844,-4.18213333333333,-6.04473333333333
SI2234,Slovenia,SI,SI0,SI03,SI032,Podravska,104.9275,1.12633333333333,1.40353333333333,2043.3844,-4.18213333333333,-6.04473333333333
SI2235,Slovenia,SI,SI0,SI03,SI032,Podravska,104.9275,1.12633333333333,1.40353333333333,2043.3844,-4.18213333333333,-6.04473333333333
SI2236,Slovenia,SI,SI0,SI03,SI032,Podravska,104.9275,1.12633333333333,1.40353333333333,2043.3844,-4.18213333333333,-6.04473333333333
SI2241,Slovenia,SI,SI0,SI03,SI032,Podravska,104.9275,1.12633333333333,1.40353333333333,2043.3844,-4.18213333333333,-6.04473333333333
SI2242,Slovenia,SI,SI0,SI03,SI032,Podravska,104.9275,1.12633333333333,1.40353333333333,2043.3844,-4.18213333333333,-6.04473333333333
SI2250,Slovenia,SI,SI0,SI03,SI032,Podravska,104.9275,1.12633333333333,1.40353333333333,2043.3844,-4.18213333333333,-6.04473333333333
SI2252,Slovenia,SI,SI0,SI03,SI032,Podravska,104.9275,1.12633333333333,1.40353333333333,2043.3844,-4.18213333333333,-6.04473333333333
SI2253,Slovenia,SI,SI0,SI03,SI032,Podravska,104.9275,1.12633333333333,1.40353333333333,2043.3844,-4.18213333333333,-6.04473333333333
SI2254,Slovenia,SI,SI0,SI03,SI032,Podravska,104.9275,1.12633333333333,1.40353333333333,2043.3844,-4.18213333333333,-6.04473333333333
SI2255,Slovenia,SI,SI0,SI03,SI032,Podravska,104.9275,1.12633333333333,1.40353333333333,2043.3844,-4.18213333333333,-6.04473333333333
SI2256,Slovenia,SI,SI0,SI03,SI032,Podravska,104.9275,1.12633333333333,1.40353333333333,2043.3844,-4.18213333333333,-6.04473333333333
SI2257,Slovenia,SI,SI0,SI03,SI032,Podravska,104.9275,1.12633333333333,1.40353333333333,2043.3844,-4.18213333333333,-6.04473333333333
SI2258,Slovenia,SI,SI0,SI03,SI032,Podravska,104.9275,1.12633333333333,1.40353333333333,2043.3844,-4.18213333333333,-6.04473333333333
SI2259,Slovenia,SI,SI0,SI03,SI032,Podravska,104.9275,1.12633333333333,1.40353333333333,2043.3844,-4.18213333333333,-6.04473333333333
SI2270,Slovenia,SI,SI0,SI03,SI032,Podravska,104.9275,1.12633333333333,1.40353333333333,2043.3844,-4.18213333333333,-6.04473333333333
SI2272,Slovenia,SI,SI0,SI03,SI032,Podravska,104.9275,1.12633333333333,1.40353333333333,2043.3844,-4.18213333333333,-6.04473333333333
SI2273,Slovenia,SI,SI0,SI03,SI032,Podravska,104.9275,1.12633333333333,1.40353333333333,2043.3844,-4.18213333333333,-6.04473333333333
SI2274,Slovenia,SI,SI0,SI03,SI032,Podravska,104.9275,1.12633333333333,1.40353333333333,2043.3844,-4.18213333333333,-6.04473333333333
SI2275,Slovenia,SI,SI0,SI03,SI032,Podravska,104.9275,1.12633333333333,1.40353333333333,2043.3844,-4.18213333333333,-6.04473333333333
SI2276,Slovenia,SI,SI0,SI03,SI032,Podravska,104.9275,1.12633333333333,1.40353333333333,2043.3844,-4.18213333333333,-6.04473333333333
SI2277,Slovenia,SI,SI0,SI03,SI032,Podravska,104.9275,1.12633333333333,1.40353333333333,2043.3844,-4.18213333333333,-6.04473333333333
SI2281,Slovenia,SI,SI0,SI03,SI032,Podravska,104.9275,1.12633333333333,1.40353333333333,2043.3844,-4.18213333333333,-6.04473333333333
SI2282,Slovenia,SI,SI0,SI03,SI032,Podravska,104.9275,1.12633333333333,1.40353333333333,2043.3844,-4.18213333333333,-6.04473333333333
SI2283,Slovenia,SI,SI0,SI03,SI032,Podravska,104.9275,1.12633333333333,1.40353333333333,2043.3844,-4.18213333333333,-6.04473333333333
SI2284,Slovenia,SI,SI0,SI03,SI032,Podravska,104.9275,1.12633333333333,1.40353333333333,2043.3844,-4.18213333333333,-6.04473333333333
SI2285,Slovenia,SI,SI0,SI03,SI032,Podravska,104.9275,1.12633333333333,1.40353333333333,2043.3844,-4.18213333333333,-6.04473333333333
SI2286,Slovenia,SI,SI0,SI03,SI032,Podravska,104.9275,1.12633333333333,1.40353333333333,2043.3844,-4.18213333333333,-6.04473333333333
SI2287,Slovenia,SI,SI0,SI03,SI032,Podravska,104.9275,1.12633333333333,1.40353333333333,2043.3844,-4.18213333333333,-6.04473333333333
SI2288,Slovenia,SI,SI0,SI03,SI032,Podravska,104.9275,1.12633333333333,1.40353333333333,2043.3844,-4.18213333333333,-6.04473333333333
SI2289,Slovenia,SI,SI0,SI03,SI032,Podravska,104.9275,1.12633333333333,1.40353333333333,2043.3844,-4.18213333333333,-6.04473333333333
SI2310,Slovenia,SI,SI0,SI03,SI032,Podravska,104.9275,1.12633333333333,1.40353333333333,2043.3844,-4.18213333333333,-6.04473333333333
SI2311,Slovenia,SI,SI0,SI03,SI032,Podravska,104.9275,1.12633333333333,1.40353333333333,2043.3844,-4.18213333333333,-6.04473333333333
SI2312,Slovenia,SI,SI0,SI03,SI032,Podravska,104.9275,1.12633333333333,1.40353333333333,2043.3844,-4.18213333333333,-6.04473333333333
SI2313,Slovenia,SI,SI0,SI03,SI032,Podravska,104.9275,1.12633333333333,1.40353333333333,2043.3844,-4.18213333333333,-6.04473333333333
SI2314,Slovenia,SI,SI0,SI03,SI032,Podravska,104.9275,1.12633333333333,1.40353333333333,2043.3844,-4.18213333333333,-6.04473333333333
SI2315,Slovenia,SI,SI0,SI03,SI032,Podravska,104.9275,1.12633333333333,1.40353333333333,2043.3844,-4.18213333333333,-6.04473333333333
SI2316,Slovenia,SI,SI0,SI03,SI032,Podravska,104.9275,1.12633333333333,1.40353333333333,2043.3844,-4.18213333333333,-6.04473333333333
SI2317,Slovenia,SI,SI0,SI03,SI032,Podravska,104.9275,1.12633333333333,1.40353333333333,2043.3844,-4.18213333333333,-6.04473333333333
SI2318,Slovenia,SI,SI0,SI03,SI032,Podravska,104.9275,1.12633333333333,1.40353333333333,2043.3844,-4.18213333333333,-6.04473333333333
SI2319,Slovenia,SI,SI0,SI03,SI032,Podravska,104.9275,1.12633333333333,1.40353333333333,2043.3844,-4.18213333333333,-6.04473333333333
SI2321,Slovenia,SI,SI0,SI03,SI032,Podravska,104.9275,1.12633333333333,1.40353333333333,2043.3844,-4.18213333333333,-6.04473333333333
SI2322,Slovenia,SI,SI0,SI03,SI032,Podravska,104.9275,1.12633333333333,1.40353333333333,2043.3844,-4.18213333333333,-6.04473333333333
SI2323,Slovenia,SI,SI0,SI03,SI032,Podravska,104.9275,1.12633333333333,1.40353333333333,2043.3844,-4.18213333333333,-6.04473333333333
SI2324,Slovenia,SI,SI0,SI03,SI032,Podravska,104.9275,1.12633333333333,1.40353333333333,2043.3844,-4.18213333333333,-6.04473333333333
SI2325,Slovenia,SI,SI0,SI03,SI032,Podravska,104.9275,1.12633333333333,1.40353333333333,2043.3844,-4.18213333333333,-6.04473333333333
SI2326,Slovenia,SI,SI0,SI03,SI032,Podravska,104.9275,1.12633333333333,1.40353333333333,2043.3844,-4.18213333333333,-6.04473333333333
SI2327,Slovenia,SI,SI0,SI03,SI032,Podravska,104.9275,1.12633333333333,1.40353333333333,2043.3844,-4.18213333333333,-6.04473333333333
SI2331,Slovenia,SI,SI0,SI03,SI032,Podravska,104.9275,1.12633333333333,1.40353333333333,2043.3844,-4.18213333333333,-6.04473333333333
SI2341,Slovenia,SI,SI0,SI03,SI032,Podravska,104.9275,1.12633333333333,1.40353333333333,2043.3844,-4.18213333333333,-6.04473333333333
SI2342,Slovenia,SI,SI0,SI03,SI032,Podravska,104.9275,1.12633333333333,1.40353333333333,2043.3844,-4.18213333333333,-6.04473333333333
SI2343,Slovenia,SI,SI0,SI03,SI032,Podravska,104.9275,1.12633333333333,1.40353333333333,2043.3844,-4.18213333333333,-6.04473333333333
SI2344,Slovenia,SI,SI0,SI03,SI032,Podravska,104.9275,1.12633333333333,1.40353333333333,2043.3844,-4.18213333333333,-6.04473333333333
SI2345,Slovenia,SI,SI0,SI03,SI032,Podravska,104.9275,1.12633333333333,1.40353333333333,2043.3844,-4.18213333333333,-6.04473333333333
SI2351,Slovenia,SI,SI0,SI03,SI032,Podravska,104.9275,1.12633333333333,1.40353333333333,2043.3844,-4.18213333333333,-6.04473333333333
SI2352,Slovenia,SI,SI0,SI03,SI032,Podravska,104.9275,1.12633333333333,1.40353333333333,2043.3844,-4.18213333333333,-6.04473333333333
SI2353,Slovenia,SI,SI0,SI03,SI032,Podravska,104.9275,1.12633333333333,1.40353333333333,2043.3844,-4.18213333333333,-6.04473333333333
SI2354,Slovenia,SI,SI0,SI03,SI032,Podravska,104.9275,1.12633333333333,1.40353333333333,2043.3844,-4.18213333333333,-6.04473333333333
SI2360,Slovenia,SI,SI0,SI03,SI033,Koroška,45.7417307691874,0.696025641025,0.901025641025,2311.2167307701,-4.35653846153332,-6.40858974358333
SI2361,Slovenia,SI,SI0,SI03,SI033,Koroška,45.7417307691874,0.696025641025,0.901025641025,2311.2167307701,-4.35653846153332,-6.40858974358333
SI2362,Slovenia,SI,SI0,SI03,SI033,Koroška,45.7417307691874,0.696025641025,0.901025641025,2311.2167307701,-4.35653846153332,-6.40858974358333
SI2363,Slovenia,SI,SI0,SI03,SI033,Koroška,45.7417307691874,0.696025641025,0.901025641025,2311.2167307701,-4.35653846153332,-6.40858974358333
SI2364,Slovenia,SI,SI0,SI03,SI033,Koroška,45.7417307691874,0.696025641025,0.901025641025,2311.2167307701,-4.35653846153332,-6.40858974358333
SI2365,Slovenia,SI,SI0,SI03,SI033,Koroška,45.7417307691874,0.696025641025,0.901025641025,2311.2167307701,-4.35653846153332,-6.40858974358333
SI2366,Slovenia,SI,SI0,SI03,SI033,Koroška,45.7417307691874,0.696025641025,0.901025641025,2311.2167307701,-4.35653846153332,-6.40858974358333
SI2367,Slovenia,SI,SI0,SI03,SI033,Koroška,45.7417307691874,0.696025641025,0.901025641025,2311.2167307701,-4.35653846153332,-6.40858974358333
SI2370,Slovenia,SI,SI0,SI03,SI033,Koroška,45.7417307691874,0.696025641025,0.901025641025,2311.2167307701,-4.35653846153332,-6.40858974358333
SI2371,Slovenia,SI,SI0,SI03,SI033,Koroška,45.7417307691874,0.696025641025,0.901025641025,2311.2167307701,-4.35653846153332,-6.40858974358333
SI2372,Slovenia,SI,SI0,SI03,SI033,Koroška,45.7417307691874,0.696025641025,0.901025641025,2311.2167307701,-4.35653846153332,-6.40858974358333
SI2373,Slovenia,SI,SI0,SI03,SI033,Koroška,45.7417307691874,0.696025641025,0.901025641025,2311.2167307701,-4.35653846153332,-6.40858974358333
SI2380,Slovenia,SI,SI0,SI03,SI033,Koroška,45.7417307691874,0.696025641025,0.901025641025,2311.2167307701,-4.35653846153332,-6.40858974358333
SI2381,Slovenia,SI,SI0,SI03,SI033,Koroška,45.7417307691874,0.696025641025,0.901025641025,2311.2167307701,-4.35653846153332,-6.40858974358333
SI2382,Slovenia,SI,SI0,SI03,SI033,Koroška,45.7417307691874,0.696025641025,0.901025641025,2311.2167307701,-4.35653846153332,-6.40858974358333
SI2383,Slovenia,SI,SI0,SI03,SI033,Koroška,45.7417307691874,0.696025641025,0.901025641025,2311.2167307701,-4.35653846153332,-6.40858974358333
SI2390,Slovenia,SI,SI0,SI03,SI033,Koroška,45.7417307691874,0.696025641025,0.901025641025,2311.2167307701,-4.35653846153332,-6.40858974358333
SI2391,Slovenia,SI,SI0,SI03,SI033,Koroška,45.7417307691874,0.696025641025,0.901025641025,2311.2167307701,-4.35653846153332,-6.40858974358333
SI2392,Slovenia,SI,SI0,SI03,SI033,Koroška,45.7417307691874,0.696025641025,0.901025641025,2311.2167307701,-4.35653846153332,-6.40858974358333
SI2393,Slovenia,SI,SI0,SI03,SI033,Koroška,45.7417307691874,0.696025641025,0.901025641025,2311.2167307701,-4.35653846153332,-6.40858974358333
SI2394,Slovenia,SI,SI0,SI03,SI033,Koroška,45.7417307691874,0.696025641025,0.901025641025,2311.2167307701,-4.35653846153332,-6.40858974358333
SI3000,Slovenia,SI,SI0,SI03,SI034,Savinjska,83.7770689655274,1.07804597701167,1.39183908046,2076.13818965909,-4.37982758619998,-6.38379310345
SI3201,Slovenia,SI,SI0,SI03,SI034,Savinjska,83.7770689655274,1.07804597701167,1.39183908046,2076.13818965909,-4.37982758619998,-6.38379310345
SI3202,Slovenia,SI,SI0,SI03,SI034,Savinjska,83.7770689655274,1.07804597701167,1.39183908046,2076.13818965909,-4.37982758619998,-6.38379310345
SI3203,Slovenia,SI,SI0,SI03,SI034,Savinjska,83.7770689655274,1.07804597701167,1.39183908046,2076.13818965909,-4.37982758619998,-6.38379310345
SI3204,Slovenia,SI,SI0,SI03,SI034,Savinjska,83.7770689655274,1.07804597701167,1.39183908046,2076.13818965909,-4.37982758619998,-6.38379310345
SI3205,Slovenia,SI,SI0,SI03,SI034,Savinjska,83.7770689655274,1.07804597701167,1.39183908046,2076.13818965909,-4.37982758619998,-6.38379310345
SI3206,Slovenia,SI,SI0,SI03,SI034,Savinjska,83.7770689655274,1.07804597701167,1.39183908046,2076.13818965909,-4.37982758619998,-6.38379310345
SI3210,Slovenia,SI,SI0,SI03,SI034,Savinjska,83.7770689655274,1.07804597701167,1.39183908046,2076.13818965909,-4.37982758619998,-6.38379310345
SI3211,Slovenia,SI,SI0,SI03,SI034,Savinjska,83.7770689655274,1.07804597701167,1.39183908046,2076.13818965909,-4.37982758619998,-6.38379310345
SI3212,Slovenia,SI,SI0,SI03,SI034,Savinjska,83.7770689655274,1.07804597701167,1.39183908046,2076.13818965909,-4.37982758619998,-6.38379310345
SI3213,Slovenia,SI,SI0,SI03,SI034,Savinjska,83.7770689655274,1.07804597701167,1.39183908046,2076.13818965909,-4.37982758619998,-6.38379310345
SI3214,Slovenia,SI,SI0,SI03,SI034,Savinjska,83.7770689655274,1.07804597701167,1.39183908046,2076.13818965909,-4.37982758619998,-6.38379310345
SI3215,Slovenia,SI,SI0,SI03,SI034,Savinjska,83.7770689655274,1.07804597701167,1.39183908046,2076.13818965909,-4.37982758619998,-6.38379310345
SI3220,Slovenia,SI,SI0,SI03,SI034,Savinjska,83.7770689655274,1.07804597701167,1.39183908046,2076.13818965909,-4.37982758619998,-6.38379310345
SI3221,Slovenia,SI,SI0,SI03,SI034,Savinjska,83.7770689655274,1.07804597701167,1.39183908046,2076.13818965909,-4.37982758619998,-6.38379310345
SI3222,Slovenia,SI,SI0,SI03,SI034,Savinjska,83.7770689655274,1.07804597701167,1.39183908046,2076.13818965909,-4.37982758619998,-6.38379310345
SI3223,Slovenia,SI,SI0,SI03,SI034,Savinjska,83.7770689655274,1.07804597701167,1.39183908046,2076.13818965909,-4.37982758619998,-6.38379310345
SI3224,Slovenia,SI,SI0,SI03,SI034,Savinjska,83.7770689655274,1.07804597701167,1.39183908046,2076.13818965909,-4.37982758619998,-6.38379310345
SI3225,Slovenia,SI,SI0,SI03,SI034,Savinjska,83.7770689655274,1.07804597701167,1.39183908046,2076.13818965909,-4.37982758619998,-6.38379310345
SI3230,Slovenia,SI,SI0,SI03,SI034,Savinjska,83.7770689655274,1.07804597701167,1.39183908046,2076.13818965909,-4.37982758619998,-6.38379310345
SI3231,Slovenia,SI,SI0,SI03,SI034,Savinjska,83.7770689655274,1.07804597701167,1.39183908046,2076.13818965909,-4.37982758619998,-6.38379310345
SI3232,Slovenia,SI,SI0,SI03,SI034,Savinjska,83.7770689655274,1.07804597701167,1.39183908046,2076.13818965909,-4.37982758619998,-6.38379310345
SI3233,Slovenia,SI,SI0,SI03,SI034,Savinjska,83.7770689655274,1.07804597701167,1.39183908046,2076.13818965909,-4.37982758619998,-6.38379310345
SI3240,Slovenia,SI,SI0,SI03,SI034,Savinjska,83.7770689655274,1.07804597701167,1.39183908046,2076.13818965909,-4.37982758619998,-6.38379310345
SI3241,Slovenia,SI,SI0,SI03,SI034,Savinjska,83.7770689655274,1.07804597701167,1.39183908046,2076.13818965909,-4.37982758619998,-6.38379310345
SI3250,Slovenia,SI,SI0,SI03,SI034,Savinjska,83.7770689655274,1.07804597701167,1.39183908046,2076.13818965909,-4.37982758619998,-6.38379310345
SI3252,Slovenia,SI,SI0,SI03,SI034,Savinjska,83.7770689655274,1.07804597701167,1.39183908046,2076.13818965909,-4.37982758619998,-6.38379310345
SI3253,Slovenia,SI,SI0,SI03,SI034,Savinjska,83.7770689655274,1.07804597701167,1.39183908046,2076.13818965909,-4.37982758619998,-6.38379310345
SI3254,Slovenia,SI,SI0,SI03,SI034,Savinjska,83.7770689655274,1.07804597701167,1.39183908046,2076.13818965909,-4.37982758619998,-6.38379310345
SI3255,Slovenia,SI,SI0,SI03,SI034,Savinjska,83.7770689655274,1.07804597701167,1.39183908046,2076.13818965909,-4.37982758619998,-6.38379310345
SI3256,Slovenia,SI,SI0,SI03,SI036,Posavska,120.088333333292,1.37148148148167,1.77074074073333,1944.70333333323,-4.31777777778332,-6.26333333333333
SI3257,Slovenia,SI,SI0,SI03,SI034,Savinjska,83.7770689655274,1.07804597701167,1.39183908046,2076.13818965909,-4.37982758619998,-6.38379310345
SI3260,Slovenia,SI,SI0,SI03,SI034,Savinjska,83.7770689655274,1.07804597701167,1.39183908046,2076.13818965909,-4.37982758619998,-6.38379310345
SI3261,Slovenia,SI,SI0,SI03,SI034,Savinjska,83.7770689655274,1.07804597701167,1.39183908046,2076.13818965909,-4.37982758619998,-6.38379310345
SI3262,Slovenia,SI,SI0,SI03,SI034,Savinjska,83.7770689655274,1.07804597701167,1.39183908046,2076.13818965909,-4.37982758619998,-6.38379310345
SI3263,Slovenia,SI,SI0,SI03,SI034,Savinjska,83.7770689655274,1.07804597701167,1.39183908046,2076.13818965909,-4.37982758619998,-6.38379310345
SI3264,Slovenia,SI,SI0,SI03,SI034,Savinjska,83.7770689655274,1.07804597701167,1.39183908046,2076.13818965909,-4.37982758619998,-6.38379310345
SI3270,Slovenia,SI,SI0,SI03,SI034,Savinjska,83.7770689655274,1.07804597701167,1.39183908046,2076.13818965909,-4.37982758619998,-6.38379310345
SI3271,Slovenia,SI,SI0,SI03,SI034,Savinjska,83.7770689655274,1.07804597701167,1.39183908046,2076.13818965909,-4.37982758619998,-6.38379310345
SI3272,Slovenia,SI,SI0,SI03,SI034,Savinjska,83.7770689655274,1.07804597701167,1.39183908046,2076.13818965909,-4.37982758619998,-6.38379310345
SI3273,Slovenia,SI,SI0,SI03,SI034,Savinjska,83.7770689655274,1.07804597701167,1.39183908046,2076.13818965909,-4.37982758619998,-6.38379310345
SI3301,Slovenia,SI,SI0,SI03,SI034,Savinjska,83.7770689655274,1.07804597701167,1.39183908046,2076.13818965909,-4.37982758619998,-6.38379310345
SI3302,Slovenia,SI,SI0,SI03,SI034,Savinjska,83.7770689655274,1.07804597701167,1.39183908046,2076.13818965909,-4.37982758619998,-6.38379310345
SI3303,Slovenia,SI,SI0,SI03,SI034,Savinjska,83.7770689655274,1.07804597701167,1.39183908046,2076.13818965909,-4.37982758619998,-6.38379310345
SI3304,Slovenia,SI,SI0,SI03,SI034,Savinjska,83.7770689655274,1.07804597701167,1.39183908046,2076.13818965909,-4.37982758619998,-6.38379310345
SI3305,Slovenia,SI,SI0,SI03,SI034,Savinjska,83.7770689655274,1.07804597701167,1.39183908046,2076.13818965909,-4.37982758619998,-6.38379310345
SI3310,Slovenia,SI,SI0,SI03,SI034,Savinjska,83.7770689655274,1.07804597701167,1.39183908046,2076.13818965909,-4.37982758619998,-6.38379310345
SI3311,Slovenia,SI,SI0,SI03,SI034,Savinjska,83.7770689655274,1.07804597701167,1.39183908046,2076.13818965909,-4.37982758619998,-6.38379310345
SI3312,Slovenia,SI,SI0,SI03,SI034,Savinjska,83.7770689655274,1.07804597701167,1.39183908046,2076.13818965909,-4.37982758619998,-6.38379310345
SI3313,Slovenia,SI,SI0,SI03,SI034,Savinjska,83.7770689655274,1.07804597701167,1.39183908046,2076.13818965909,-4.37982758619998,-6.38379310345
SI3314,Slovenia,SI,SI0,SI03,SI034,Savinjska,83.7770689655274,1.07804597701167,1.39183908046,2076.13818965909,-4.37982758619998,-6.38379310345
SI3320,Slovenia,SI,SI0,SI03,SI034,Savinjska,83.7770689655274,1.07804597701167,1.39183908046,2076.13818965909,-4.37982758619998,-6.38379310345
SI3325,Slovenia,SI,SI0,SI03,SI034,Savinjska,83.7770689655274,1.07804597701167,1.39183908046,2076.13818965909,-4.37982758619998,-6.38379310345
SI3326,Slovenia,SI,SI0,SI03,SI034,Savinjska,83.7770689655274,1.07804597701167,1.39183908046,2076.13818965909,-4.37982758619998,-6.38379310345
SI3327,Slovenia,SI,SI0,SI03,SI034,Savinjska,83.7770689655274,1.07804597701167,1.39183908046,2076.13818965909,-4.37982758619998,-6.38379310345
SI3330,Slovenia,SI,SI0,SI03,SI034,Savinjska,83.7770689655274,1.07804597701167,1.39183908046,2076.13818965909,-4.37982758619998,-6.38379310345
SI3331,Slovenia,SI,SI0,SI03,SI034,Savinjska,83.7770689655274,1.07804597701167,1.39183908046,2076.13818965909,-4.37982758619998,-6.38379310345
SI3332,Slovenia,SI,SI0,SI03,SI034,Savinjska,83.7770689655274,1.07804597701167,1.39183908046,2076.13818965909,-4.37982758619998,-6.38379310345
SI3333,Slovenia,SI,SI0,SI03,SI034,Savinjska,83.7770689655274,1.07804597701167,1.39183908046,2076.13818965909,-4.37982758619998,-6.38379310345
SI3334,Slovenia,SI,SI0,SI03,SI034,Savinjska,83.7770689655274,1.07804597701167,1.39183908046,2076.13818965909,-4.37982758619998,-6.38379310345
SI3335,Slovenia,SI,SI0,SI03,SI034,Savinjska,83.7770689655274,1.07804597701167,1.39183908046,2076.13818965909,-4.37982758619998,-6.38379310345
SI3341,Slovenia,SI,SI0,SI03,SI034,Savinjska,83.7770689655274,1.07804597701167,1.39183908046,2076.13818965909,-4.37982758619998,-6.38379310345
SI3342,Slovenia,SI,SI0,SI03,SI034,Savinjska,83.7770689655274,1.07804597701167,1.39183908046,2076.13818965909,-4.37982758619998,-6.38379310345
SI4000,Slovenia,SI,SI0,SI04,SI042,Gorenjska,53.5845833333225,0.778055555554998,1.043055555555,2268.90677083,-4.33020833333333,-6.42902777778333
SI4201,Slovenia,SI,SI0,SI04,SI042,Gorenjska,53.5845833333225,0.778055555554998,1.043055555555,2268.90677083,-4.33020833333333,-6.42902777778333
SI4202,Slovenia,SI,SI0,SI04,SI042,Gorenjska,53.5845833333225,0.778055555554998,1.043055555555,2268.90677083,-4.33020833333333,-6.42902777778333
SI4203,Slovenia,SI,SI0,SI04,SI042,Gorenjska,53.5845833333225,0.778055555554998,1.043055555555,2268.90677083,-4.33020833333333,-6.42902777778333
SI4204,Slovenia,SI,SI0,SI04,SI042,Gorenjska,53.5845833333225,0.778055555554998,1.043055555555,2268.90677083,-4.33020833333333,-6.42902777778333
SI4205,Slovenia,SI,SI0,SI04,SI042,Gorenjska,53.5845833333225,0.778055555554998,1.043055555555,2268.90677083,-4.33020833333333,-6.42902777778333
SI4206,Slovenia,SI,SI0,SI04,SI042,Gorenjska,53.5845833333225,0.778055555554998,1.043055555555,2268.90677083,-4.33020833333333,-6.42902777778333
SI4207,Slovenia,SI,SI0,SI04,SI042,Gorenjska,53.5845833333225,0.778055555554998,1.043055555555,2268.90677083,-4.33020833333333,-6.42902777778333
SI4208,Slovenia,SI,SI0,SI04,SI042,Gorenjska,53.5845833333225,0.778055555554998,1.043055555555,2268.90677083,-4.33020833333333,-6.42902777778333
SI4209,Slovenia,SI,SI0,SI04,SI042,Gorenjska,53.5845833333225,0.778055555554998,1.043055555555,2268.90677083,-4.33020833333333,-6.42902777778333
SI4210,Slovenia,SI,SI0,SI04,SI042,Gorenjska,53.5845833333225,0.778055555554998,1.043055555555,2268.90677083,-4.33020833333333,-6.42902777778333
SI4211,Slovenia,SI,SI0,SI04,SI042,Gorenjska,53.5845833333225,0.778055555554998,1.043055555555,2268.90677083,-4.33020833333333,-6.42902777778333
SI4212,Slovenia,SI,SI0,SI04,SI042,Gorenjska,53.5845833333225,0.778055555554998,1.043055555555,2268.90677083,-4.33020833333333,-6.42902777778333
SI4220,Slovenia,SI,SI0,SI04,SI042,Gorenjska,53.5845833333225,0.778055555554998,1.043055555555,2268.90677083,-4.33020833333333,-6.42902777778333
SI4223,Slovenia,SI,SI0,SI04,SI042,Gorenjska,53.5845833333225,0.778055555554998,1.043055555555,2268.90677083,-4.33020833333333,-6.42902777778333
SI4224,Slovenia,SI,SI0,SI04,SI042,Gorenjska,53.5845833333225,0.778055555554998,1.043055555555,2268.90677083,-4.33020833333333,-6.42902777778333
SI4225,Slovenia,SI,SI0,SI04,SI042,Gorenjska,53.5845833333225,0.778055555554998,1.043055555555,2268.90677083,-4.33020833333333,-6.42902777778333
SI4226,Slovenia,SI,SI0,SI04,SI042,Gorenjska,53.5845833333225,0.778055555554998,1.043055555555,2268.90677083,-4.33020833333333,-6.42902777778333
SI4227,Slovenia,SI,SI0,SI04,SI042,Gorenjska,53.5845833333225,0.778055555554998,1.043055555555,2268.90677083,-4.33020833333333,-6.42902777778333
SI4228,Slovenia,SI,SI0,SI04,SI042,Gorenjska,53.5845833333225,0.778055555554998,1.043055555555,2268.90677083,-4.33020833333333,-6.42902777778333
SI4229,Slovenia,SI,SI0,SI04,SI042,Gorenjska,53.5845833333225,0.778055555554998,1.043055555555,2268.90677083,-4.33020833333333,-6.42902777778333
SI4240,Slovenia,SI,SI0,SI04,SI042,Gorenjska,53.5845833333225,0.778055555554998,1.043055555555,2268.90677083,-4.33020833333333,-6.42902777778333
SI4243,Slovenia,SI,SI0,SI04,SI042,Gorenjska,53.5845833333225,0.778055555554998,1.043055555555,2268.90677083,-4.33020833333333,-6.42902777778333
SI4244,Slovenia,SI,SI0,SI04,SI042,Gorenjska,53.5845833333225,0.778055555554998,1.043055555555,2268.90677083,-4.33020833333333,-6.42902777778333
SI4245,Slovenia,SI,SI0,SI04,SI042,Gorenjska,53.5845833333225,0.778055555554998,1.043055555555,2268.90677083,-4.33020833333333,-6.42902777778333
SI4246,Slovenia,SI,SI0,SI04,SI042,Gorenjska,53.5845833333225,0.778055555554998,1.043055555555,2268.90677083,-4.33020833333333,-6.42902777778333
SI4247,Slovenia,SI,SI0,SI04,SI042,Gorenjska,53.5845833333225,0.778055555554998,1.043055555555,2268.90677083,-4.33020833333333,-6.42902777778333
SI4248,Slovenia,SI,SI0,SI04,SI042,Gorenjska,53.5845833333225,0.778055555554998,1.043055555555,2268.90677083,-4.33020833333333,-6.42902777778333
SI4260,Slovenia,SI,SI0,SI04,SI042,Gorenjska,53.5845833333225,0.778055555554998,1.043055555555,2268.90677083,-4.33020833333333,-6.42902777778333
SI4263,Slovenia,SI,SI0,SI04,SI042,Gorenjska,53.5845833333225,0.778055555554998,1.043055555555,2268.90677083,-4.33020833333333,-6.42902777778333
SI4264,Slovenia,SI,SI0,SI04,SI042,Gorenjska,53.5845833333225,0.778055555554998,1.043055555555,2268.90677083,-4.33020833333333,-6.42902777778333
SI4265,Slovenia,SI,SI0,SI04,SI042,Gorenjska,53.5845833333225,0.778055555554998,1.043055555555,2268.90677083,-4.33020833333333,-6.42902777778333
SI4267,Slovenia,SI,SI0,SI04,SI042,Gorenjska,53.5845833333225,0.778055555554998,1.043055555555,2268.90677083,-4.33020833333333,-6.42902777778333
SI4270,Slovenia,SI,SI0,SI04,SI042,Gorenjska,53.5845833333225,0.778055555554998,1.043055555555,2268.90677083,-4.33020833333333,-6.42902777778333
SI4273,Slovenia,SI,SI0,SI04,SI042,Gorenjska,53.5845833333225,0.778055555554998,1.043055555555,2268.90677083,-4.33020833333333,-6.42902777778333
SI4274,Slovenia,SI,SI0,SI04,SI042,Gorenjska,53.5845833333225,0.778055555554998,1.043055555555,2268.90677083,-4.33020833333333,-6.42902777778333
SI4275,Slovenia,SI,SI0,SI04,SI042,Gorenjska,53.5845833333225,0.778055555554998,1.043055555555,2268.90677083,-4.33020833333333,-6.42902777778333
SI4276,Slovenia,SI,SI0,SI04,SI042,Gorenjska,53.5845833333225,0.778055555554998,1.043055555555,2268.90677083,-4.33020833333333,-6.42902777778333
SI4280,Slovenia,SI,SI0,SI04,SI042,Gorenjska,53.5845833333225,0.778055555554998,1.043055555555,2268.90677083,-4.33020833333333,-6.42902777778333
SI4281,Slovenia,SI,SI0,SI04,SI042,Gorenjska,53.5845833333225,0.778055555554998,1.043055555555,2268.90677083,-4.33020833333333,-6.42902777778333
SI4282,Slovenia,SI,SI0,SI04,SI042,Gorenjska,53.5845833333225,0.778055555554998,1.043055555555,2268.90677083,-4.33020833333333,-6.42902777778333
SI4283,Slovenia,SI,SI0,SI04,SI042,Gorenjska,53.5845833333225,0.778055555554998,1.043055555555,2268.90677083,-4.33020833333333,-6.42902777778333
SI4290,Slovenia,SI,SI0,SI04,SI042,Gorenjska,53.5845833333225,0.778055555554998,1.043055555555,2268.90677083,-4.33020833333333,-6.42902777778333
SI4294,Slovenia,SI,SI0,SI04,SI042,Gorenjska,53.5845833333225,0.778055555554998,1.043055555555,2268.90677083,-4.33020833333333,-6.42902777778333
SI5000,Slovenia,SI,SI0,SI04,SI043,Goriška,90.4490178571575,1.030535714285,1.37333333333333,2044.60401785441,-4.03660714285,-6.04773809523333
SI5210,Slovenia,SI,SI0,SI04,SI043,Goriška,90.4490178571575,1.030535714285,1.37333333333333,2044.60401785441,-4.03660714285,-6.04773809523333
SI5211,Slovenia,SI,SI0,SI04,SI043,Goriška,90.4490178571575,1.030535714285,1.37333333333333,2044.60401785441,-4.03660714285,-6.04773809523333
SI5212,Slovenia,SI,SI0,SI04,SI043,Goriška,90.4490178571575,1.030535714285,1.37333333333333,2044.60401785441,-4.03660714285,-6.04773809523333
SI5213,Slovenia,SI,SI0,SI04,SI043,Goriška,90.4490178571575,1.030535714285,1.37333333333333,2044.60401785441,-4.03660714285,-6.04773809523333
SI5214,Slovenia,SI,SI0,SI04,SI043,Goriška,90.4490178571575,1.030535714285,1.37333333333333,2044.60401785441,-4.03660714285,-6.04773809523333
SI5215,Slovenia,SI,SI0,SI04,SI043,Goriška,90.4490178571575,1.030535714285,1.37333333333333,2044.60401785441,-4.03660714285,-6.04773809523333
SI5216,Slovenia,SI,SI0,SI04,SI043,Goriška,90.4490178571575,1.030535714285,1.37333333333333,2044.60401785441,-4.03660714285,-6.04773809523333
SI5220,Slovenia,SI,SI0,SI04,SI043,Goriška,90.4490178571575,1.030535714285,1.37333333333333,2044.60401785441,-4.03660714285,-6.04773809523333
SI5222,Slovenia,SI,SI0,SI04,SI043,Goriška,90.4490178571575,1.030535714285,1.37333333333333,2044.60401785441,-4.03660714285,-6.04773809523333
SI5223,Slovenia,SI,SI0,SI04,SI043,Goriška,90.4490178571575,1.030535714285,1.37333333333333,2044.60401785441,-4.03660714285,-6.04773809523333
SI5224,Slovenia,SI,SI0,SI04,SI043,Goriška,90.4490178571575,1.030535714285,1.37333333333333,2044.60401785441,-4.03660714285,-6.04773809523333
SI5230,Slovenia,SI,SI0,SI04,SI043,Goriška,90.4490178571575,1.030535714285,1.37333333333333,2044.60401785441,-4.03660714285,-6.04773809523333
SI5231,Slovenia,SI,SI0,SI04,SI043,Goriška,90.4490178571575,1.030535714285,1.37333333333333,2044.60401785441,-4.03660714285,-6.04773809523333
SI5232,Slovenia,SI,SI0,SI04,SI043,Goriška,90.4490178571575,1.030535714285,1.37333333333333,2044.60401785441,-4.03660714285,-6.04773809523333
SI5242,Slovenia,SI,SI0,SI04,SI043,Goriška,90.4490178571575,1.030535714285,1.37333333333333,2044.60401785441,-4.03660714285,-6.04773809523333
SI5243,Slovenia,SI,SI0,SI04,SI043,Goriška,90.4490178571575,1.030535714285,1.37333333333333,2044.60401785441,-4.03660714285,-6.04773809523333
SI5250,Slovenia,SI,SI0,SI04,SI043,Goriška,90.4490178571575,1.030535714285,1.37333333333333,2044.60401785441,-4.03660714285,-6.04773809523333
SI5251,Slovenia,SI,SI0,SI04,SI043,Goriška,90.4490178571575,1.030535714285,1.37333333333333,2044.60401785441,-4.03660714285,-6.04773809523333
SI5252,Slovenia,SI,SI0,SI04,SI043,Goriška,90.4490178571575,1.030535714285,1.37333333333333,2044.60401785441,-4.03660714285,-6.04773809523333
SI5253,Slovenia,SI,SI0,SI04,SI043,Goriška,90.4490178571575,1.030535714285,1.37333333333333,2044.60401785441,-4.03660714285,-6.04773809523333
SI5261,Slovenia,SI,SI0,SI04,SI043,Goriška,90.4490178571575,1.030535714285,1.37333333333333,2044.60401785441,-4.03660714285,-6.04773809523333
SI5262,Slovenia,SI,SI0,SI04,SI043,Goriška,90.4490178571575,1.030535714285,1.37333333333333,2044.60401785441,-4.03660714285,-6.04773809523333
SI5263,Slovenia,SI,SI0,SI04,SI043,Goriška,90.4490178571575,1.030535714285,1.37333333333333,2044.60401785441,-4.03660714285,-6.04773809523333
SI5270,Slovenia,SI,SI0,SI04,SI043,Goriška,90.4490178571575,1.030535714285,1.37333333333333,2044.60401785441,-4.03660714285,-6.04773809523333
SI5271,Slovenia,SI,SI0,SI04,SI043,Goriška,90.4490178571575,1.030535714285,1.37333333333333,2044.60401785441,-4.03660714285,-6.04773809523333
SI5272,Slovenia,SI,SI0,SI04,SI043,Goriška,90.4490178571575,1.030535714285,1.37333333333333,2044.60401785441,-4.03660714285,-6.04773809523333
SI5273,Slovenia,SI,SI0,SI04,SI043,Goriška,90.4490178571575,1.030535714285,1.37333333333333,2044.60401785441,-4.03660714285,-6.04773809523333
SI5274,Slovenia,SI,SI0,SI04,SI043,Goriška,90.4490178571575,1.030535714285,1.37333333333333,2044.60401785441,-4.03660714285,-6.04773809523333
SI5275,Slovenia,SI,SI0,SI04,SI043,Goriška,90.4490178571575,1.030535714285,1.37333333333333,2044.60401785441,-4.03660714285,-6.04773809523333
SI5280,Slovenia,SI,SI0,SI04,SI043,Goriška,90.4490178571575,1.030535714285,1.37333333333333,2044.60401785441,-4.03660714285,-6.04773809523333
SI5281,Slovenia,SI,SI0,SI04,SI043,Goriška,90.4490178571575,1.030535714285,1.37333333333333,2044.60401785441,-4.03660714285,-6.04773809523333
SI5282,Slovenia,SI,SI0,SI04,SI043,Goriška,90.4490178571575,1.030535714285,1.37333333333333,2044.60401785441,-4.03660714285,-6.04773809523333
SI5283,Slovenia,SI,SI0,SI04,SI043,Goriška,90.4490178571575,1.030535714285,1.37333333333333,2044.60401785441,-4.03660714285,-6.04773809523333
SI5290,Slovenia,SI,SI0,SI04,SI043,Goriška,90.4490178571575,1.030535714285,1.37333333333333,2044.60401785441,-4.03660714285,-6.04773809523333
SI5291,Slovenia,SI,SI0,SI04,SI043,Goriška,90.4490178571575,1.030535714285,1.37333333333333,2044.60401785441,-4.03660714285,-6.04773809523333
SI5292,Slovenia,SI,SI0,SI04,SI043,Goriška,90.4490178571575,1.030535714285,1.37333333333333,2044.60401785441,-4.03660714285,-6.04773809523333
SI5293,Slovenia,SI,SI0,SI04,SI043,Goriška,90.4490178571575,1.030535714285,1.37333333333333,2044.60401785441,-4.03660714285,-6.04773809523333
SI5294,Slovenia,SI,SI0,SI04,SI043,Goriška,90.4490178571575,1.030535714285,1.37333333333333,2044.60401785441,-4.03660714285,-6.04773809523333
SI5295,Slovenia,SI,SI0,SI04,SI043,Goriška,90.4490178571575,1.030535714285,1.37333333333333,2044.60401785441,-4.03660714285,-6.04773809523333
SI5296,Slovenia,SI,SI0,SI04,SI043,Goriška,90.4490178571575,1.030535714285,1.37333333333333,2044.60401785441,-4.03660714285,-6.04773809523333
SI5297,Slovenia,SI,SI0,SI04,SI043,Goriška,90.4490178571575,1.030535714285,1.37333333333333,2044.60401785441,-4.03660714285,-6.04773809523333
SI6000,Slovenia,SI,SI0,SI04,SI044,Obalno-kraška,149.23769230799,1.51948717948666,1.99153846153333,1594.54730769013,-3.38692307691667,-5.08897435896665
SI6210,Slovenia,SI,SI0,SI04,SI044,Obalno-kraška,149.23769230799,1.51948717948666,1.99153846153333,1594.54730769013,-3.38692307691667,-5.08897435896665
SI6215,Slovenia,SI,SI0,SI04,SI044,Obalno-kraška,149.23769230799,1.51948717948666,1.99153846153333,1594.54730769013,-3.38692307691667,-5.08897435896665
SI6216,Slovenia,SI,SI0,SI04,SI044,Obalno-kraška,149.23769230799,1.51948717948666,1.99153846153333,1594.54730769013,-3.38692307691667,-5.08897435896665
SI6217,Slovenia,SI,SI0,SI04,SI044,Obalno-kraška,149.23769230799,1.51948717948666,1.99153846153333,1594.54730769013,-3.38692307691667,-5.08897435896665
SI6219,Slovenia,SI,SI0,SI04,SI044,Obalno-kraška,149.23769230799,1.51948717948666,1.99153846153333,1594.54730769013,-3.38692307691667,-5.08897435896665
SI6221,Slovenia,SI,SI0,SI04,SI044,Obalno-kraška,149.23769230799,1.51948717948666,1.99153846153333,1594.54730769013,-3.38692307691667,-5.08897435896665
SI6222,Slovenia,SI,SI0,SI04,SI044,Obalno-kraška,149.23769230799,1.51948717948666,1.99153846153333,1594.54730769013,-3.38692307691667,-5.08897435896665
SI6223,Slovenia,SI,SI0,SI04,SI044,Obalno-kraška,149.23769230799,1.51948717948666,1.99153846153333,1594.54730769013,-3.38692307691667,-5.08897435896665
SI6224,Slovenia,SI,SI0,SI04,SI044,Obalno-kraška,149.23769230799,1.51948717948666,1.99153846153333,1594.54730769013,-3.38692307691667,-5.08897435896665
SI6225,Slovenia,SI,SI0,SI03,SI038,Primorsko-notranjska,58.4668749999999,0.787083333333333,1.04677083333333,2199.67453125,-4.21156249999998,-6.29229166666667
SI6230,Slovenia,SI,SI0,SI03,SI038,Primorsko-notranjska,58.4668749999999,0.787083333333333,1.04677083333333,2199.67453125,-4.21156249999998,-6.29229166666667
SI6232,Slovenia,SI,SI0,SI03,SI038,Primorsko-notranjska,58.4668749999999,0.787083333333333,1.04677083333333,2199.67453125,-4.21156249999998,-6.29229166666667
SI6240,Slovenia,SI,SI0,SI04,SI044,Obalno-kraška,149.23769230799,1.51948717948666,1.99153846153333,1594.54730769013,-3.38692307691667,-5.08897435896665
SI6242,Slovenia,SI,SI0,SI04,SI044,Obalno-kraška,149.23769230799,1.51948717948666,1.99153846153333,1594.54730769013,-3.38692307691667,-5.08897435896665
SI6243,Slovenia,SI,SI0,SI04,SI044,Obalno-kraška,149.23769230799,1.51948717948666,1.99153846153333,1594.54730769013,-3.38692307691667,-5.08897435896665
SI6244,Slovenia,SI,SI0,SI03,SI038,Primorsko-notranjska,58.4668749999999,0.787083333333333,1.04677083333333,2199.67453125,-4.21156249999998,-6.29229166666667
SI6250,Slovenia,SI,SI0,SI03,SI038,Primorsko-notranjska,58.4668749999999,0.787083333333333,1.04677083333333,2199.67453125,-4.21156249999998,-6.29229166666667
SI6253,Slovenia,SI,SI0,SI03,SI038,Primorsko-notranjska,58.4668749999999,0.787083333333333,1.04677083333333,2199.67453125,-4.21156249999998,-6.29229166666667
SI6254,Slovenia,SI,SI0,SI03,SI038,Primorsko-notranjska,58.4668749999999,0.787083333333333,1.04677083333333,2199.67453125,-4.21156249999998,-6.29229166666667
SI6255,Slovenia,SI,SI0,SI03,SI038,Primorsko-notranjska,58.4668749999999,0.787083333333333,1.04677083333333,2199.67453125,-4.21156249999998,-6.29229166666667
SI6256,Slovenia,SI,SI0,SI03,SI038,Primorsko-notranjska,58.4668749999999,0.787083333333333,1.04677083333333,2199.67453125,-4.21156249999998,-6.29229166666667
SI6257,Slovenia,SI,SI0,SI03,SI038,Primorsko-notranjska,58.4668749999999,0.787083333333333,1.04677083333333,2199.67453125,-4.21156249999998,-6.29229166666667
SI6258,Slovenia,SI,SI0,SI03,SI038,Primorsko-notranjska,58.4668749999999,0.787083333333333,1.04677083333333,2199.67453125,-4.21156249999998,-6.29229166666667
SI6271,Slovenia,SI,SI0,SI04,SI044,Obalno-kraška,149.23769230799,1.51948717948666,1.99153846153333,1594.54730769013,-3.38692307691667,-5.08897435896665
SI6272,Slovenia,SI,SI0,SI04,SI044,Obalno-kraška,149.23769230799,1.51948717948666,1.99153846153333,1594.54730769013,-3.38692307691667,-5.08897435896665
SI6273,Slovenia,SI,SI0,SI04,SI044,Obalno-kraška,149.23769230799,1.51948717948666,1.99153846153333,1594.54730769013,-3.38692307691667,-5.08897435896665
SI6274,Slovenia,SI,SI0,SI04,SI044,Obalno-kraška,149.23769230799,1.51948717948666,1.99153846153333,1594.54730769013,-3.38692307691667,-5.08897435896665
SI6275,Slovenia,SI,SI0,SI04,SI044,Obalno-kraška,149.23769230799,1.51948717948666,1.99153846153333,1594.54730769013,-3.38692307691667,-5.08897435896665
SI6276,Slovenia,SI,SI0,SI04,SI044,Obalno-kraška,149.23769230799,1.51948717948666,1.99153846153333,1594.54730769013,-3.38692307691667,-5.08897435896665
SI6280,Slovenia,SI,SI0,SI04,SI044,Obalno-kraška,149.23769230799,1.51948717948666,1.99153846153333,1594.54730769013,-3.38692307691667,-5.08897435896665
SI6281,Slovenia,SI,SI0,SI04,SI044,Obalno-kraška,149.23769230799,1.51948717948666,1.99153846153333,1594.54730769013,-3.38692307691667,-5.08897435896665
SI6310,Slovenia,SI,SI0,SI04,SI044,Obalno-kraška,149.23769230799,1.51948717948666,1.99153846153333,1594.54730769013,-3.38692307691667,-5.08897435896665
SI6320,Slovenia,SI,SI0,SI04,SI044,Obalno-kraška,149.23769230799,1.51948717948666,1.99153846153333,1594.54730769013,-3.38692307691667,-5.08897435896665
SI6330,Slovenia,SI,SI0,SI04,SI044,Obalno-kraška,149.23769230799,1.51948717948666,1.99153846153333,1594.54730769013,-3.38692307691667,-5.08897435896665
SI6333,Slovenia,SI,SI0,SI04,SI044,Obalno-kraška,149.23769230799,1.51948717948666,1.99153846153333,1594.54730769013,-3.38692307691667,-5.08897435896665
SI8000,Slovenia,SI,SI0,SI03,SI037,Jugovzhodna Slovenija,92.9078030302675,1.091464646465,1.42919191919167,2085.17166666983,-4.30898989898332,-6.30454545454998
SI8210,Slovenia,SI,SI0,SI03,SI037,Jugovzhodna Slovenija,92.9078030302675,1.091464646465,1.42919191919167,2085.17166666983,-4.30898989898332,-6.30454545454998
SI8211,Slovenia,SI,SI0,SI03,SI037,Jugovzhodna Slovenija,92.9078030302675,1.091464646465,1.42919191919167,2085.17166666983,-4.30898989898332,-6.30454545454998
SI8212,Slovenia,SI,SI0,SI03,SI037,Jugovzhodna Slovenija,92.9078030302675,1.091464646465,1.42919191919167,2085.17166666983,-4.30898989898332,-6.30454545454998
SI8213,Slovenia,SI,SI0,SI03,SI037,Jugovzhodna Slovenija,92.9078030302675,1.091464646465,1.42919191919167,2085.17166666983,-4.30898989898332,-6.30454545454998
SI8216,Slovenia,SI,SI0,SI03,SI037,Jugovzhodna Slovenija,92.9078030302675,1.091464646465,1.42919191919167,2085.17166666983,-4.30898989898332,-6.30454545454998
SI8220,Slovenia,SI,SI0,SI03,SI037,Jugovzhodna Slovenija,92.9078030302675,1.091464646465,1.42919191919167,2085.17166666983,-4.30898989898332,-6.30454545454998
SI8222,Slovenia,SI,SI0,SI03,SI037,Jugovzhodna Slovenija,92.9078030302675,1.091464646465,1.42919191919167,2085.17166666983,-4.30898989898332,-6.30454545454998
SI8230,Slovenia,SI,SI0,SI03,SI037,Jugovzhodna Slovenija,92.9078030302675,1.091464646465,1.42919191919167,2085.17166666983,-4.30898989898332,-6.30454545454998
SI8231,Slovenia,SI,SI0,SI03,SI037,Jugovzhodna Slovenija,92.9078030302675,1.091464646465,1.42919191919167,2085.17166666983,-4.30898989898332,-6.30454545454998
SI8232,Slovenia,SI,SI0,SI03,SI037,Jugovzhodna Slovenija,92.9078030302675,1.091464646465,1.42919191919167,2085.17166666983,-4.30898989898332,-6.30454545454998
SI8233,Slovenia,SI,SI0,SI03,SI037,Jugovzhodna Slovenija,92.9078030302675,1.091464646465,1.42919191919167,2085.17166666983,-4.30898989898332,-6.30454545454998
SI8250,Slovenia,SI,SI0,SI03,SI036,Posavska,120.088333333292,1.37148148148167,1.77074074073333,1944.70333333323,-4.31777777778332,-6.26333333333333
SI8253,Slovenia,SI,SI0,SI03,SI036,Posavska,120.088333333292,1.37148148148167,1.77074074073333,1944.70333333323,-4.31777777778332,-6.26333333333333
SI8254,Slovenia,SI,SI0,SI03,SI036,Posavska,120.088333333292,1.37148148148167,1.77074074073333,1944.70333333323,-4.31777777778332,-6.26333333333333
SI8255,Slovenia,SI,SI0,SI03,SI036,Posavska,120.088333333292,1.37148148148167,1.77074074073333,1944.70333333323,-4.31777777778332,-6.26333333333333
SI8256,Slovenia,SI,SI0,SI03,SI036,Posavska,120.088333333292,1.37148148148167,1.77074074073333,1944.70333333323,-4.31777777778332,-6.26333333333333
SI8257,Slovenia,SI,SI0,SI03,SI036,Posavska,120.088333333292,1.37148148148167,1.77074074073333,1944.70333333323,-4.31777777778332,-6.26333333333333
SI8258,Slovenia,SI,SI0,SI03,SI036,Posavska,120.088333333292,1.37148148148167,1.77074074073333,1944.70333333323,-4.31777777778332,-6.26333333333333
SI8259,Slovenia,SI,SI0,SI03,SI036,Posavska,120.088333333292,1.37148148148167,1.77074074073333,1944.70333333323,-4.31777777778332,-6.26333333333333
SI8261,Slovenia,SI,SI0,SI03,SI036,Posavska,120.088333333292,1.37148148148167,1.77074074073333,1944.70333333323,-4.31777777778332,-6.26333333333333
SI8262,Slovenia,SI,SI0,SI03,SI036,Posavska,120.088333333292,1.37148148148167,1.77074074073333,1944.70333333323,-4.31777777778332,-6.26333333333333
SI8263,Slovenia,SI,SI0,SI03,SI036,Posavska,120.088333333292,1.37148148148167,1.77074074073333,1944.70333333323,-4.31777777778332,-6.26333333333333
SI8270,Slovenia,SI,SI0,SI03,SI036,Posavska,120.088333333292,1.37148148148167,1.77074074073333,1944.70333333323,-4.31777777778332,-6.26333333333333
SI8272,Slovenia,SI,SI0,SI03,SI036,Posavska,120.088333333292,1.37148148148167,1.77074074073333,1944.70333333323,-4.31777777778332,-6.26333333333333
SI8273,Slovenia,SI,SI0,SI03,SI036,Posavska,120.088333333292,1.37148148148167,1.77074074073333,1944.70333333323,-4.31777777778332,-6.26333333333333
SI8274,Slovenia,SI,SI0,SI03,SI036,Posavska,120.088333333292,1.37148148148167,1.77074074073333,1944.70333333323,-4.31777777778332,-6.26333333333333
SI8275,Slovenia,SI,SI0,SI03,SI037,Jugovzhodna Slovenija,92.9078030302675,1.091464646465,1.42919191919167,2085.17166666983,-4.30898989898332,-6.30454545454998
SI8276,Slovenia,SI,SI0,SI03,SI037,Jugovzhodna Slovenija,92.9078030302675,1.091464646465,1.42919191919167,2085.17166666983,-4.30898989898332,-6.30454545454998
SI8280,Slovenia,SI,SI0,SI03,SI036,Posavska,120.088333333292,1.37148148148167,1.77074074073333,1944.70333333323,-4.31777777778332,-6.26333333333333
SI8281,Slovenia,SI,SI0,SI03,SI036,Posavska,120.088333333292,1.37148148148167,1.77074074073333,1944.70333333323,-4.31777777778332,-6.26333333333333
SI8282,Slovenia,SI,SI0,SI03,SI036,Posavska,120.088333333292,1.37148148148167,1.77074074073333,1944.70333333323,-4.31777777778332,-6.26333333333333
SI8283,Slovenia,SI,SI0,SI03,SI036,Posavska,120.088333333292,1.37148148148167,1.77074074073333,1944.70333333323,-4.31777777778332,-6.26333333333333
SI8290,Slovenia,SI,SI0,SI03,SI036,Posavska,120.088333333292,1.37148148148167,1.77074074073333,1944.70333333323,-4.31777777778332,-6.26333333333333
SI8292,Slovenia,SI,SI0,SI03,SI036,Posavska,120.088333333292,1.37148148148167,1.77074074073333,1944.70333333323,-4.31777777778332,-6.26333333333333
SI8293,Slovenia,SI,SI0,SI03,SI036,Posavska,120.088333333292,1.37148148148167,1.77074074073333,1944.70333333323,-4.31777777778332,-6.26333333333333
SI8294,Slovenia,SI,SI0,SI03,SI036,Posavska,120.088333333292,1.37148148148167,1.77074074073333,1944.70333333323,-4.31777777778332,-6.26333333333333
SI8295,Slovenia,SI,SI0,SI03,SI036,Posavska,120.088333333292,1.37148148148167,1.77074074073333,1944.70333333323,-4.31777777778332,-6.26333333333333
SI8296,Slovenia,SI,SI0,SI03,SI036,Posavska,120.088333333292,1.37148148148167,1.77074074073333,1944.70333333323,-4.31777777778332,-6.26333333333333
SI8297,Slovenia,SI,SI0,SI03,SI036,Posavska,120.088333333292,1.37148148148167,1.77074074073333,1944.70333333323,-4.31777777778332,-6.26333333333333
SI8310,Slovenia,SI,SI0,SI03,SI037,Jugovzhodna Slovenija,92.9078030302675,1.091464646465,1.42919191919167,2085.17166666983,-4.30898989898332,-6.30454545454998
SI8311,Slovenia,SI,SI0,SI03,SI036,Posavska,120.088333333292,1.37148148148167,1.77074074073333,1944.70333333323,-4.31777777778332,-6.26333333333333
SI8312,Slovenia,SI,SI0,SI03,SI036,Posavska,120.088333333292,1.37148148148167,1.77074074073333,1944.70333333323,-4.31777777778332,-6.26333333333333
SI8321,Slovenia,SI,SI0,SI03,SI037,Jugovzhodna Slovenija,92.9078030302675,1.091464646465,1.42919191919167,2085.17166666983,-4.30898989898332,-6.30454545454998
SI8322,Slovenia,SI,SI0,SI03,SI037,Jugovzhodna Slovenija,92.9078030302675,1.091464646465,1.42919191919167,2085.17166666983,-4.30898989898332,-6.30454545454998
SI8323,Slovenia,SI,SI0,SI03,SI037,Jugovzhodna Slovenija,92.9078030302675,1.091464646465,1.42919191919167,2085.17166666983,-4.30898989898332,-6.30454545454998
SI8330,Slovenia,SI,SI0,SI03,SI037,Jugovzhodna Slovenija,92.9078030302675,1.091464646465,1.42919191919167,2085.17166666983,-4.30898989898332,-6.30454545454998
SI8331,Slovenia,SI,SI0,SI03,SI037,Jugovzhodna Slovenija,92.9078030302675,1.091464646465,1.42919191919167,2085.17166666983,-4.30898989898332,-6.30454545454998
SI8332,Slovenia,SI,SI0,SI03,SI037,Jugovzhodna Slovenija,92.9078030302675,1.091464646465,1.42919191919167,2085.17166666983,-4.30898989898332,-6.30454545454998
SI8333,Slovenia,SI,SI0,SI03,SI037,Jugovzhodna Slovenija,92.9078030302675,1.091464646465,1.42919191919167,2085.17166666983,-4.30898989898332,-6.30454545454998
SI8340,Slovenia,SI,SI0,SI03,SI037,Jugovzhodna Slovenija,92.9078030302675,1.091464646465,1.42919191919167,2085.17166666983,-4.30898989898332,-6.30454545454998
SI8341,Slovenia,SI,SI0,SI03,SI037,Jugovzhodna Slovenija,92.9078030302675,1.091464646465,1.42919191919167,2085.17166666983,-4.30898989898332,-6.30454545454998
SI8342,Slovenia,SI,SI0,SI03,SI037,Jugovzhodna Slovenija,92.9078030302675,1.091464646465,1.42919191919167,2085.17166666983,-4.30898989898332,-6.30454545454998
SI8343,Slovenia,SI,SI0,SI03,SI037,Jugovzhodna Slovenija,92.9078030302675,1.091464646465,1.42919191919167,2085.17166666983,-4.30898989898332,-6.30454545454998
SI8344,Slovenia,SI,SI0,SI03,SI037,Jugovzhodna Slovenija,92.9078030302675,1.091464646465,1.42919191919167,2085.17166666983,-4.30898989898332,-6.30454545454998
SI8350,Slovenia,SI,SI0,SI03,SI037,Jugovzhodna Slovenija,92.9078030302675,1.091464646465,1.42919191919167,2085.17166666983,-4.30898989898332,-6.30454545454998
SI8351,Slovenia,SI,SI0,SI03,SI037,Jugovzhodna Slovenija,92.9078030302675,1.091464646465,1.42919191919167,2085.17166666983,-4.30898989898332,-6.30454545454998
SI8360,Slovenia,SI,SI0,SI03,SI037,Jugovzhodna Slovenija,92.9078030302675,1.091464646465,1.42919191919167,2085.17166666983,-4.30898989898332,-6.30454545454998
SI8361,Slovenia,SI,SI0,SI03,SI037,Jugovzhodna Slovenija,92.9078030302675,1.091464646465,1.42919191919167,2085.17166666983,-4.30898989898332,-6.30454545454998
SI8362,Slovenia,SI,SI0,SI03,SI037,Jugovzhodna Slovenija,92.9078030302675,1.091464646465,1.42919191919167,2085.17166666983,-4.30898989898332,-6.30454545454998
SI9000,Slovenia,SI,SI0,SI03,SI031,Pomurska,123.261176470545,1.24235294117667,1.52637254902,1998.7411764711,-4.18039215686667,-6.03176470588332
SI9201,Slovenia,SI,SI0,SI03,SI031,Pomurska,123.261176470545,1.24235294117667,1.52637254902,1998.7411764711,-4.18039215686667,-6.03176470588332
SI9202,Slovenia,SI,SI0,SI03,SI031,Pomurska,123.261176470545,1.24235294117667,1.52637254902,1998.7411764711,-4.18039215686667,-6.03176470588332
SI9203,Slovenia,SI,SI0,SI03,SI031,Pomurska,123.261176470545,1.24235294117667,1.52637254902,1998.7411764711,-4.18039215686667,-6.03176470588332
SI9204,Slovenia,SI,SI0,SI03,SI031,Pomurska,123.261176470545,1.24235294117667,1.52637254902,1998.7411764711,-4.18039215686667,-6.03176470588332
SI9205,Slovenia,SI,SI0,SI03,SI031,Pomurska,123.261176470545,1.24235294117667,1.52637254902,1998.7411764711,-4.18039215686667,-6.03176470588332
SI9206,Slovenia,SI,SI0,SI03,SI031,Pomurska,123.261176470545,1.24235294117667,1.52637254902,1998.7411764711,-4.18039215686667,-6.03176470588332
SI9207,Slovenia,SI,SI0,SI03,SI031,Pomurska,123.261176470545,1.24235294117667,1.52637254902,1998.7411764711,-4.18039215686667,-6.03176470588332
SI9208,Slovenia,SI,SI0,SI03,SI031,Pomurska,123.261176470545,1.24235294117667,1.52637254902,1998.7411764711,-4.18039215686667,-6.03176470588332
SI9220,Slovenia,SI,SI0,SI03,SI031,Pomurska,123.261176470545,1.24235294117667,1.52637254902,1998.7411764711,-4.18039215686667,-6.03176470588332
SI9221,Slovenia,SI,SI0,SI03,SI031,Pomurska,123.261176470545,1.24235294117667,1.52637254902,1998.7411764711,-4.18039215686667,-6.03176470588332
SI9222,Slovenia,SI,SI0,SI03,SI031,Pomurska,123.261176470545,1.24235294117667,1.52637254902,1998.7411764711,-4.18039215686667,-6.03176470588332
SI9223,Slovenia,SI,SI0,SI03,SI031,Pomurska,123.261176470545,1.24235294117667,1.52637254902,1998.7411764711,-4.18039215686667,-6.03176470588332
SI9224,Slovenia,SI,SI0,SI03,SI031,Pomurska,123.261176470545,1.24235294117667,1.52637254902,1998.7411764711,-4.18039215686667,-6.03176470588332
SI9225,Slovenia,SI,SI0,SI03,SI031,Pomurska,123.261176470545,1.24235294117667,1.52637254902,1998.7411764711,-4.18039215686667,-6.03176470588332
SI9226,Slovenia,SI,SI0,SI03,SI031,Pomurska,123.261176470545,1.24235294117667,1.52637254902,1998.7411764711,-4.18039215686667,-6.03176470588332
SI9227,Slovenia,SI,SI0,SI03,SI031,Pomurska,123.261176470545,1.24235294117667,1.52637254902,1998.7411764711,-4.18039215686667,-6.03176470588332
SI9231,Slovenia,SI,SI0,SI03,SI031,Pomurska,123.261176470545,1.24235294117667,1.52637254902,1998.7411764711,-4.18039215686667,-6.03176470588332
SI9232,Slovenia,SI,SI0,SI03,SI031,Pomurska,123.261176470545,1.24235294117667,1.52637254902,1998.7411764711,-4.18039215686667,-6.03176470588332
SI9233,Slovenia,SI,SI0,SI03,SI031,Pomurska,123.261176470545,1.24235294117667,1.52637254902,1998.7411764711,-4.18039215686667,-6.03176470588332
SI9240,Slovenia,SI,SI0,SI03,SI031,Pomurska,123.261176470545,1.24235294117667,1.52637254902,1998.7411764711,-4.18039215686667,-6.03176470588332
SI9241,Slovenia,SI,SI0,SI03,SI031,Pomurska,123.261176470545,1.24235294117667,1.52637254902,1998.7411764711,-4.18039215686667,-6.03176470588332
SI9242,Slovenia,SI,SI0,SI03,SI031,Pomurska,123.261176470545,1.24235294117667,1.52637254902,1998.7411764711,-4.18039215686667,-6.03176470588332
SI9243,Slovenia,SI,SI0,SI03,SI031,Pomurska,123.261176470545,1.24235294117667,1.52637254902,1998.7411764711,-4.18039215686667,-6.03176470588332
SI9244,Slovenia,SI,SI0,SI03,SI031,Pomurska,123.261176470545,1.24235294117667,1.52637254902,1998.7411764711,-4.18039215686667,-6.03176470588332
SI9245,Slovenia,SI,SI0,SI03,SI031,Pomurska,123.261176470545,1.24235294117667,1.52637254902,1998.7411764711,-4.18039215686667,-6.03176470588332
SI9246,Slovenia,SI,SI0,SI03,SI031,Pomurska,123.261176470545,1.24235294117667,1.52637254902,1998.7411764711,-4.18039215686667,-6.03176470588332
SI9250,Slovenia,SI,SI0,SI03,SI031,Pomurska,123.261176470545,1.24235294117667,1.52637254902,1998.7411764711,-4.18039215686667,-6.03176470588332
SI9251,Slovenia,SI,SI0,SI03,SI031,Pomurska,123.261176470545,1.24235294117667,1.52637254902,1998.7411764711,-4.18039215686667,-6.03176470588332
SI9252,Slovenia,SI,SI0,SI03,SI031,Pomurska,123.261176470545,1.24235294117667,1.52637254902,1998.7411764711,-4.18039215686667,-6.03176470588332
SI9253,Slovenia,SI,SI0,SI03,SI031,Pomurska,123.261176470545,1.24235294117667,1.52637254902,1998.7411764711,-4.18039215686667,-6.03176470588332
SI9261,Slovenia,SI,SI0,SI03,SI031,Pomurska,123.261176470545,1.24235294117667,1.52637254902,1998.7411764711,-4.18039215686667,-6.03176470588332
SI9262,Slovenia,SI,SI0,SI03,SI031,Pomurska,123.261176470545,1.24235294117667,1.52637254902,1998.7411764711,-4.18039215686667,-6.03176470588332
SI9263,Slovenia,SI,SI0,SI03,SI031,Pomurska,123.261176470545,1.24235294117667,1.52637254902,1998.7411764711,-4.18039215686667,-6.03176470588332
SI9264,Slovenia,SI,SI0,SI03,SI031,Pomurska,123.261176470545,1.24235294117667,1.52637254902,1998.7411764711,-4.18039215686667,-6.03176470588332
SI9265,Slovenia,SI,SI0,SI03,SI031,Pomurska,123.261176470545,1.24235294117667,1.52637254902,1998.7411764711,-4.18039215686667,-6.03176470588332
SI6001,Slovenia,SI,SI0,SI04,SI044,Obalno-kraška,149.23769230799,1.51948717948666,1.99153846153333,1594.54730769013,-3.38692307691667,-5.08897435896665
SI6323,Slovenia,SI,SI0,SI04,SI044,Obalno-kraška,149.23769230799,1.51948717948666,1.99153846153333,1594.54730769013,-3.38692307691667,-5.08897435896665
SI6501,Slovenia,SI,SI0,SI04,SI044,Obalno-kraška,149.23769230799,1.51948717948666,1.99153846153333,1594.54730769013,-3.38692307691667,-5.08897435896665
SI6502,Slovenia,SI,SI0,SI04,SI044,Obalno-kraška,149.23769230799,1.51948717948666,1.99153846153333,1594.54730769013,-3.38692307691667,-5.08897435896665
SI6503,Slovenia,SI,SI0,SI04,SI044,Obalno-kraška,149.23769230799,1.51948717948666,1.99153846153333,1594.54730769013,-3.38692307691667,-5.08897435896665
SI6504,Slovenia,SI,SI0,SI04,SI044,Obalno-kraška,149.23769230799,1.51948717948666,1.99153846153333,1594.54730769013,-3.38692307691667,-5.08897435896665
SI6505,Slovenia,SI,SI0,SI04,SI044,Obalno-kraška,149.23769230799,1.51948717948666,1.99153846153333,1594.54730769013,-3.38692307691667,-5.08897435896665
SI6600,Slovenia,SI,SI0,SI04,SI044,Obalno-kraška,149.23769230799,1.51948717948666,1.99153846153333,1594.54730769013,-3.38692307691667,-5.08897435896665
SI5001,Slovenia,SI,SI0,SI04,SI043,Goriška,90.4490178571575,1.030535714285,1.37333333333333,2044.60401785441,-4.03660714285,-6.04773809523333
SI5600,Slovenia,SI,SI0,SI04,SI043,Goriška,90.4490178571575,1.030535714285,1.37333333333333,2044.60401785441,-4.03660714285,-6.04773809523333
SI8001,Slovenia,SI,SI0,SI03,SI037,Jugovzhodna Slovenija,92.9078030302675,1.091464646465,1.42919191919167,2085.17166666983,-4.30898989898332,-6.30454545454998
SI8501,Slovenia,SI,SI0,SI03,SI037,Jugovzhodna Slovenija,92.9078030302675,1.091464646465,1.42919191919167,2085.17166666983,-4.30898989898332,-6.30454545454998
SI8600,Slovenia,SI,SI0,SI03,SI037,Jugovzhodna Slovenija,92.9078030302675,1.091464646465,1.42919191919167,2085.17166666983,-4.30898989898332,-6.30454545454998
SI1001,Slovenia,SI,SI0,SI04,SI041,Osrednjeslovenska,91.3088888888749,1.14271604938333,1.49907407407333,2052.53509259487,-4.23808641974998,-6.23141975308333
SI1371,Slovenia,SI,SI0,SI04,SI041,Osrednjeslovenska,91.3088888888749,1.14271604938333,1.49907407407333,2052.53509259487,-4.23808641974998,-6.23141975308333
SI1500,Slovenia,SI,SI0,SI04,SI041,Osrednjeslovenska,91.3088888888749,1.14271604938333,1.49907407407333,2052.53509259487,-4.23808641974998,-6.23141975308333
SI1501,Slovenia,SI,SI0,SI04,SI041,Osrednjeslovenska,91.3088888888749,1.14271604938333,1.49907407407333,2052.53509259487,-4.23808641974998,-6.23141975308333
SI1502,Slovenia,SI,SI0,SI04,SI041,Osrednjeslovenska,91.3088888888749,1.14271604938333,1.49907407407333,2052.53509259487,-4.23808641974998,-6.23141975308333
SI1503,Slovenia,SI,SI0,SI04,SI041,Osrednjeslovenska,91.3088888888749,1.14271604938333,1.49907407407333,2052.53509259487,-4.23808641974998,-6.23141975308333
SI1504,Slovenia,SI,SI0,SI04,SI041,Osrednjeslovenska,91.3088888888749,1.14271604938333,1.49907407407333,2052.53509259487,-4.23808641974998,-6.23141975308333
SI1505,Slovenia,SI,SI0,SI04,SI041,Osrednjeslovenska,91.3088888888749,1.14271604938333,1.49907407407333,2052.53509259487,-4.23808641974998,-6.23141975308333
SI1506,Slovenia,SI,SI0,SI04,SI041,Osrednjeslovenska,91.3088888888749,1.14271604938333,1.49907407407333,2052.53509259487,-4.23808641974998,-6.23141975308333
SI1507,Slovenia,SI,SI0,SI04,SI041,Osrednjeslovenska,91.3088888888749,1.14271604938333,1.49907407407333,2052.53509259487,-4.23808641974998,-6.23141975308333
SI1508,Slovenia,SI,SI0,SI04,SI041,Osrednjeslovenska,91.3088888888749,1.14271604938333,1.49907407407333,2052.53509259487,-4.23808641974998,-6.23141975308333
SI1509,Slovenia,SI,SI0,SI04,SI041,Osrednjeslovenska,91.3088888888749,1.14271604938333,1.49907407407333,2052.53509259487,-4.23808641974998,-6.23141975308333
SI1510,Slovenia,SI,SI0,SI04,SI041,Osrednjeslovenska,91.3088888888749,1.14271604938333,1.49907407407333,2052.53509259487,-4.23808641974998,-6.23141975308333
SI1511,Slovenia,SI,SI0,SI04,SI041,Osrednjeslovenska,91.3088888888749,1.14271604938333,1.49907407407333,2052.53509259487,-4.23808641974998,-6.23141975308333
SI1512,Slovenia,SI,SI0,SI04,SI041,Osrednjeslovenska,91.3088888888749,1.14271604938333,1.49907407407333,2052.53509259487,-4.23808641974998,-6.23141975308333
SI1513,Slovenia,SI,SI0,SI04,SI041,Osrednjeslovenska,91.3088888888749,1.14271604938333,1.49907407407333,2052.53509259487,-4.23808641974998,-6.23141975308333
SI1514,Slovenia,SI,SI0,SI04,SI041,Osrednjeslovenska,91.3088888888749,1.14271604938333,1.49907407407333,2052.53509259487,-4.23808641974998,-6.23141975308333
SI1516,Slovenia,SI,SI0,SI04,SI041,Osrednjeslovenska,91.3088888888749,1.14271604938333,1.49907407407333,2052.53509259487,-4.23808641974998,-6.23141975308333
SI1517,Slovenia,SI,SI0,SI04,SI041,Osrednjeslovenska,91.3088888888749,1.14271604938333,1.49907407407333,2052.53509259487,-4.23808641974998,-6.23141975308333
SI1518,Slovenia,SI,SI0,SI04,SI041,Osrednjeslovenska,91.3088888888749,1.14271604938333,1.49907407407333,2052.53509259487,-4.23808641974998,-6.23141975308333
SI1519,Slovenia,SI,SI0,SI04,SI041,Osrednjeslovenska,91.3088888888749,1.14271604938333,1.49907407407333,2052.53509259487,-4.23808641974998,-6.23141975308333
SI1520,Slovenia,SI,SI0,SI04,SI041,Osrednjeslovenska,91.3088888888749,1.14271604938333,1.49907407407333,2052.53509259487,-4.23808641974998,-6.23141975308333
SI1521,Slovenia,SI,SI0,SI04,SI041,Osrednjeslovenska,91.3088888888749,1.14271604938333,1.49907407407333,2052.53509259487,-4.23808641974998,-6.23141975308333
SI1522,Slovenia,SI,SI0,SI04,SI041,Osrednjeslovenska,91.3088888888749,1.14271604938333,1.49907407407333,2052.53509259487,-4.23808641974998,-6.23141975308333
SI1523,Slovenia,SI,SI0,SI04,SI041,Osrednjeslovenska,91.3088888888749,1.14271604938333,1.49907407407333,2052.53509259487,-4.23808641974998,-6.23141975308333
SI1524,Slovenia,SI,SI0,SI04,SI041,Osrednjeslovenska,91.3088888888749,1.14271604938333,1.49907407407333,2052.53509259487,-4.23808641974998,-6.23141975308333
SI1525,Slovenia,SI,SI0,SI04,SI041,Osrednjeslovenska,91.3088888888749,1.14271604938333,1.49907407407333,2052.53509259487,-4.23808641974998,-6.23141975308333
SI1526,Slovenia,SI,SI0,SI04,SI041,Osrednjeslovenska,91.3088888888749,1.14271604938333,1.49907407407333,2052.53509259487,-4.23808641974998,-6.23141975308333
SI1527,Slovenia,SI,SI0,SI04,SI041,Osrednjeslovenska,91.3088888888749,1.14271604938333,1.49907407407333,2052.53509259487,-4.23808641974998,-6.23141975308333
SI1528,Slovenia,SI,SI0,SI04,SI041,Osrednjeslovenska,91.3088888888749,1.14271604938333,1.49907407407333,2052.53509259487,-4.23808641974998,-6.23141975308333
SI1529,Slovenia,SI,SI0,SI04,SI041,Osrednjeslovenska,91.3088888888749,1.14271604938333,1.49907407407333,2052.53509259487,-4.23808641974998,-6.23141975308333
SI1532,Slovenia,SI,SI0,SI04,SI041,Osrednjeslovenska,91.3088888888749,1.14271604938333,1.49907407407333,2052.53509259487,-4.23808641974998,-6.23141975308333
SI1533,Slovenia,SI,SI0,SI04,SI041,Osrednjeslovenska,91.3088888888749,1.14271604938333,1.49907407407333,2052.53509259487,-4.23808641974998,-6.23141975308333
SI1534,Slovenia,SI,SI0,SI04,SI041,Osrednjeslovenska,91.3088888888749,1.14271604938333,1.49907407407333,2052.53509259487,-4.23808641974998,-6.23141975308333
SI1535,Slovenia,SI,SI0,SI04,SI041,Osrednjeslovenska,91.3088888888749,1.14271604938333,1.49907407407333,2052.53509259487,-4.23808641974998,-6.23141975308333
SI1536,Slovenia,SI,SI0,SI04,SI041,Osrednjeslovenska,91.3088888888749,1.14271604938333,1.49907407407333,2052.53509259487,-4.23808641974998,-6.23141975308333
SI1537,Slovenia,SI,SI0,SI04,SI041,Osrednjeslovenska,91.3088888888749,1.14271604938333,1.49907407407333,2052.53509259487,-4.23808641974998,-6.23141975308333
SI1538,Slovenia,SI,SI0,SI04,SI041,Osrednjeslovenska,91.3088888888749,1.14271604938333,1.49907407407333,2052.53509259487,-4.23808641974998,-6.23141975308333
SI1540,Slovenia,SI,SI0,SI04,SI041,Osrednjeslovenska,91.3088888888749,1.14271604938333,1.49907407407333,2052.53509259487,-4.23808641974998,-6.23141975308333
SI1542,Slovenia,SI,SI0,SI04,SI041,Osrednjeslovenska,91.3088888888749,1.14271604938333,1.49907407407333,2052.53509259487,-4.23808641974998,-6.23141975308333
SI1543,Slovenia,SI,SI0,SI04,SI041,Osrednjeslovenska,91.3088888888749,1.14271604938333,1.49907407407333,2052.53509259487,-4.23808641974998,-6.23141975308333
SI1544,Slovenia,SI,SI0,SI04,SI041,Osrednjeslovenska,91.3088888888749,1.14271604938333,1.49907407407333,2052.53509259487,-4.23808641974998,-6.23141975308333
SI1545,Slovenia,SI,SI0,SI04,SI041,Osrednjeslovenska,91.3088888888749,1.14271604938333,1.49907407407333,2052.53509259487,-4.23808641974998,-6.23141975308333
SI1546,Slovenia,SI,SI0,SI04,SI041,Osrednjeslovenska,91.3088888888749,1.14271604938333,1.49907407407333,2052.53509259487,-4.23808641974998,-6.23141975308333
SI1547,Slovenia,SI,SI0,SI04,SI041,Osrednjeslovenska,91.3088888888749,1.14271604938333,1.49907407407333,2052.53509259487,-4.23808641974998,-6.23141975308333
SI1550,Slovenia,SI,SI0,SI04,SI041,Osrednjeslovenska,91.3088888888749,1.14271604938333,1.49907407407333,2052.53509259487,-4.23808641974998,-6.23141975308333
SI1600,Slovenia,SI,SI0,SI04,SI041,Osrednjeslovenska,91.3088888888749,1.14271604938333,1.49907407407333,2052.53509259487,-4.23808641974998,-6.23141975308333
SI2001,Slovenia,SI,SI0,SI03,SI032,Podravska,104.9275,1.12633333333333,1.40353333333333,2043.3844,-4.18213333333333,-6.04473333333333
SI2500,Slovenia,SI,SI0,SI03,SI032,Podravska,104.9275,1.12633333333333,1.40353333333333,2043.3844,-4.18213333333333,-6.04473333333333
SI2501,Slovenia,SI,SI0,SI03,SI032,Podravska,104.9275,1.12633333333333,1.40353333333333,2043.3844,-4.18213333333333,-6.04473333333333
SI2502,Slovenia,SI,SI0,SI03,SI032,Podravska,104.9275,1.12633333333333,1.40353333333333,2043.3844,-4.18213333333333,-6.04473333333333
SI2503,Slovenia,SI,SI0,SI03,SI032,Podravska,104.9275,1.12633333333333,1.40353333333333,2043.3844,-4.18213333333333,-6.04473333333333
SI2504,Slovenia,SI,SI0,SI03,SI032,Podravska,104.9275,1.12633333333333,1.40353333333333,2043.3844,-4.18213333333333,-6.04473333333333
SI2505,Slovenia,SI,SI0,SI03,SI032,Podravska,104.9275,1.12633333333333,1.40353333333333,2043.3844,-4.18213333333333,-6.04473333333333
SI2506,Slovenia,SI,SI0,SI03,SI032,Podravska,104.9275,1.12633333333333,1.40353333333333,2043.3844,-4.18213333333333,-6.04473333333333
SI2507,Slovenia,SI,SI0,SI03,SI032,Podravska,104.9275,1.12633333333333,1.40353333333333,2043.3844,-4.18213333333333,-6.04473333333333
SI2509,Slovenia,SI,SI0,SI03,SI032,Podravska,104.9275,1.12633333333333,1.40353333333333,2043.3844,-4.18213333333333,-6.04473333333333
SI2600,Slovenia,SI,SI0,SI03,SI032,Podravska,104.9275,1.12633333333333,1.40353333333333,2043.3844,-4.18213333333333,-6.04473333333333
SI2603,Slovenia,SI,SI0,SI03,SI032,Podravska,104.9275,1.12633333333333,1.40353333333333,2043.3844,-4.18213333333333,-6.04473333333333
SI2609,Slovenia,SI,SI0,SI03,SI032,Podravska,104.9275,1.12633333333333,1.40353333333333,2043.3844,-4.18213333333333,-6.04473333333333
SI2610,Slovenia,SI,SI0,SI03,SI032,Podravska,104.9275,1.12633333333333,1.40353333333333,2043.3844,-4.18213333333333,-6.04473333333333
SI3322,Slovenia,SI,SI0,SI03,SI034,Savinjska,83.7770689655274,1.07804597701167,1.39183908046,2076.13818965909,-4.37982758619998,-6.38379310345
SI3502,Slovenia,SI,SI0,SI03,SI034,Savinjska,83.7770689655274,1.07804597701167,1.39183908046,2076.13818965909,-4.37982758619998,-6.38379310345
SI3503,Slovenia,SI,SI0,SI03,SI034,Savinjska,83.7770689655274,1.07804597701167,1.39183908046,2076.13818965909,-4.37982758619998,-6.38379310345
SI3504,Slovenia,SI,SI0,SI03,SI034,Savinjska,83.7770689655274,1.07804597701167,1.39183908046,2076.13818965909,-4.37982758619998,-6.38379310345
SI3505,Slovenia,SI,SI0,SI03,SI034,Savinjska,83.7770689655274,1.07804597701167,1.39183908046,2076.13818965909,-4.37982758619998,-6.38379310345
SI3600,Slovenia,SI,SI0,SI03,SI034,Savinjska,83.7770689655274,1.07804597701167,1.39183908046,2076.13818965909,-4.37982758619998,-6.38379310345
SI3001,Slovenia,SI,SI0,SI03,SI038,Primorsko-notranjska,58.4668749999999,0.787083333333333,1.04677083333333,2199.67453125,-4.21156249999998,-6.29229166666667
SI6251,Slovenia,SI,SI0,SI03,SI038,Primorsko-notranjska,58.4668749999999,0.787083333333333,1.04677083333333,2199.67453125,-4.21156249999998,-6.29229166666667
SI4001,Slovenia,SI,SI0,SI04,SI042,Gorenjska,53.5845833333225,0.778055555554998,1.043055555555,2268.90677083,-4.33020833333333,-6.42902777778333
SI4501,Slovenia,SI,SI0,SI04,SI042,Gorenjska,53.5845833333225,0.778055555554998,1.043055555555,2268.90677083,-4.33020833333333,-6.42902777778333
SI4502,Slovenia,SI,SI0,SI04,SI042,Gorenjska,53.5845833333225,0.778055555554998,1.043055555555,2268.90677083,-4.33020833333333,-6.42902777778333
SI4600,Slovenia,SI,SI0,SI04,SI042,Gorenjska,53.5845833333225,0.778055555554998,1.043055555555,2268.90677083,-4.33020833333333,-6.42902777778333
SI8251,Slovenia,SI,SI0,SI03,SI036,Posavska,120.088333333292,1.37148148148167,1.77074074073333,1944.70333333323,-4.31777777778332,-6.26333333333333
SI9001,Slovenia,SI,SI0,SI03,SI031,Pomurska,123.261176470545,1.24235294117667,1.52637254902,1998.7411764711,-4.18039215686667,-6.03176470588332
SI9501,Slovenia,SI,SI0,SI03,SI031,Pomurska,123.261176470545,1.24235294117667,1.52637254902,1998.7411764711,-4.18039215686667,-6.03176470588332
SI9502,Slovenia,SI,SI0,SI03,SI031,Pomurska,123.261176470545,1.24235294117667,1.52637254902,1998.7411764711,-4.18039215686667,-6.03176470588332
SI9600,Slovenia,SI,SI0,SI03,SI031,Pomurska,123.261176470545,1.24235294117667,1.52637254902,1998.7411764711,-4.18039215686667,-6.03176470588332
